deck;tags;en;pronounce;cz;example;note
Lekce 1;describing people;appearance;əˈpɪərəns;vzhled;Write a description of his appearance and personality.;
Lekce 1;describing people;artist;ˈɑːtɪst;umělec;Look at the painting by the British artist David Hockney.;
Lekce 1;describing people;bald;bɔːld;plešatý;He’s bald. He’s got no hair.;
Lekce 1;describing people;beard;bɪəd;vousy;He has a beard and a moustache.;
Lekce 1;describing people;belt;belt;opasek;I wear a belt to keep my trousers up.;
Lekce 1;describing people;big;bɪɡ;velký;In the UK women often wear big hats at weddings.;
Lekce 1;describing people;blue;bluː;modrý;She has big blue eyes.;
Lekce 1;describing people;boots;buːts;(vysoké) boty;She wears boots when it rains.;
Lekce 1;describing people;bracelet;ˈbreɪslət;náramek;She wears a bracelet on her arm every day.;
Lekce 1;describing people;cap;kæp;čepice s kšiltem;I wear a cap when I play tennis.;
Lekce 1;describing people;cardigan;ˈkɑːdɪɡən;propínací svetr;I need my cardigan – it’s too cold!;
Lekce 1;describing people;carpet;ˈkɑːpɪt;koberec;There is a red carpet on the floor.;
Lekce 1;describing people;carry;ˈkæri;nosit s sebou;I carry an umbrella everywhere. It rains a lot.;
Lekce 1;describing people;clever;ˈklevə;chytrý;He is very clever . He is quick at learning and understanding things.;
Lekce 1;describing people;coat;kəʊt;kabát;I always wear a coat when I go out.;
Lekce 1;describing people;compatible;kəmˈpætəbl;hodící se;Perhaps Holly could find me a guy who is more compatible.;
Lekce 1;describing people;curly;ˈkɜːli;vlnitý;She has curly red hair.;
Lekce 1;describing people;divorced;dɪˈvɔːst;rozvedený;I am a divorced dad of three.;
Lekce 1;describing people;dress;dres;oblékat;I dress my daughter every day for school.;
Lekce 1;describing people;dress;dres;šaty (dámské);I usually wear a dress to work.;
Lekce 1;describing people;earrings;ˈɪərɪŋz;náušnice;These are big earrings! They nearly touch your shoulder.;
Lekce 1;describing people;experiment;ɪkˈsperɪmənt;experiment;In our experiment, single people ask their mother and their best friend to help them meet a partner.;
Lekce 1;describing people;extrovert;ˈekstrəvɜːt;extrovert;He’s such an extrovert. He loves it when everyone looks at him.;
Lekce 1;describing people;famous;ˈfeɪməs;slavný;Mr and Mrs Clark made clothes for famous people.;
Lekce 1;describing people;fashion;ˈfæʃn;móda;He loves fashion. He buys new clothes every week.;
Lekce 1;describing people;fat;fæt;tlustý;My dog is quite old, and a bit fat .;
Lekce 1;describing people;friendly;ˈfrendli;přátelský;The students at my college are very friendly .;
Lekce 1;describing people;fun;fʌn;zábavný;A person who is fun is a person who you have a good time with.;
Lekce 1;describing people;funny;ˈfʌni;legrační;A person who is funny makes you laugh.;
Lekce 1;describing people;generous;ˈdʒenərəs;štědrý;A person who likes giving people things is generous .;
Lekce 1;describing people;gloves;ɡlʌvz;rukavice;Some people wear gloves when they ski.;
Lekce 1;describing people;guy;ɡaɪ;chlap;Perhaps Holly could find me a guy who is more compatible.;
Lekce 1;describing people;guy;ɡaɪ;kluk;Perhaps Holly could find me a guy who is more compatible.;
Lekce 1;describing people;hard-working;hɑːd ˈwɜːkɪŋ;pilný;She never stops. She is so hard-working.;
Lekce 1;describing people;hat;hæt;čepice;Where’s my hat? It’s cold outside!;
Lekce 1;describing people;hat;hæt;klobouk;Where’s my hat? It’s cold outside!;
Lekce 1;describing people;height;haɪt;výška;He’s medium height and very thin.;
Lekce 1;describing people;infidelity;ˌɪnfɪˈdeləti;nevěra;The cat is a symbol of infidelity.;
Lekce 1;describing people;jacket;ˈdʒækɪt;bunda;I don’t always wear a suit but I do wear a jacket.;
Lekce 1;describing people;jacket;ˈdʒækɪt;sako;I don’t always wear a suit but I do wear a jacket.;
Lekce 1;describing people;jeans;dʒiːnz;džíny;I prefer black jeans to blue ones.;
Lekce 1;describing people;kind;kaɪnd;laskavý;Thank you for the present – you are very kind.;
Lekce 1;describing people;lazy;ˈleɪzi;líný;A person who doesn’t want to work is lazy.;
Lekce 1;describing people;leggings;ˈleɡɪŋz;legíny;Leggings are a popular alternative to trousers.;
Lekce 1;describing people;long;lɒŋ;dlouhý;She has long straight hair.;
Lekce 1;describing people;mean;miːn;zlý;He’s not very nice. He can be quite mean.;
Lekce 1;describing people;moustache;məˈstɑːʃ;knír;He has a beard and a moustache .;
Lekce 1;describing people;necklace;ˈnekləs;náhrdelník;I like your necklace. Is it new?;
Lekce 1;describing people;nice;naɪs;milý;He’s a very nice person.;
Lekce 1;describing people;overweight;ˌəʊvəˈweɪt;obézní;He’s quite short and a bit overweight.;
Lekce 1;describing people;painter;ˈpeɪntə;malíř;Do you have a favourite painter?;
Lekce 1;describing people;painting;ˈpeɪntɪŋ;obraz;Look at the painting by the British artist David Hockney.;
Lekce 1;describing people;partner;ˈpɑːtnə;partner;She lives in Brighton and she doesn’t have a partner at the moment.;
Lekce 1;describing people;personality;ˌpɜːsəˈnæləti;osobnost;Write a description of his appearance and personality.;
Lekce 1;describing people;position;pəˈzɪʃn;poloha;The position of the couple in the painting is unusual.;
Lekce 1;describing people;poster;ˈpəʊstə;plakát;I have an unusual poster on the wall in my bedroom.;
Lekce 1;describing people;prefer;prɪˈfɜː;upřednostňovat;I prefer tall men who have a really nice smile.;
Lekce 1;describing people;pregnant;ˈpreɡnənt;těhotná;I am pregnant, and the baby is due in May.;
Lekce 1;describing people;quiet;ˈkwaɪət;tichý;She is really quiet. She doesn’t say much.;
Lekce 1;describing people;red;red;červený (obecně);She has curly red hair.;
Lekce 1;describing people;red;red;zrzavý (o vlasech);She has curly red hair.;
Lekce 1;describing people;relationship;rɪˈleɪʃnʃɪp;vztah;What was David Hockney’s relationship with Mr and Mrs Clark?;
Lekce 1;describing people;relax;rɪˈlæks;odpočívat;What clothes do you wear when you want to relax at the weekend?;
Lekce 1;describing people;relax;rɪˈlæks;relaxovat;What clothes do you wear when you want to relax at the weekend?;
Lekce 1;describing people;ring;rɪŋ;prsten;I’m married, so I wear a ring.;
Lekce 1;describing people;sandals;ˈsændlz;sandály;He wears sandals to the beach.;
Lekce 1;describing people;scarf;skɑːf;šála;A scarf can help to keep you warm.;
Lekce 1;describing people;separated;ˈsepəreɪtɪd;žijící odděleně;I am separated from my wife.;
Lekce 1;describing people;serious;ˈsɪəriəs;vážný;He is very serious. He doesn’t like to have fun.;
Lekce 1;describing people;shirt;ʃɜːt;košile;I wear a white shirt to work most days.;
Lekce 1;describing people;shoes;ʃuːz;boty;I have got 20 pairs of shoes.;
Lekce 1;describing people;short;ʃɔːt;malý;He’s quite short and a bit overweight.;
Lekce 1;describing people;shorts;ʃɔːts;kraťasy;I play tennis in shorts and a T-shirt.;
Lekce 1;describing people;shy;ʃaɪ;plachý;She’s shy, so she finds it hard to talk to people she doesn’t know.;
Lekce 1;describing people;single;ˈsɪŋɡl;svobodná;This week’s single person is Charlotte Ramirez.;
Lekce 1;describing people;single;ˈsɪŋɡl;svobodný;This week’s single person is Charlotte Ramirez.;
Lekce 1;describing people;skirt;skɜːt;sukně;My dad doesn’t like me wearing a short skirt.;
Lekce 1;describing people;slim;slɪm;štíhlý;He’s very tall and slim.;
Lekce 1;describing people;smile;smaɪl;úsměv;I prefer tall men who have a nice smile.;
Lekce 1;describing people;sociable;ˈsəʊʃəbl;společenský;I’m quite friendly and sociable.;
Lekce 1;describing people;socks;sɒks;ponožky;Do you wear socks with sandals?;
Lekce 1;describing people;straight;streɪt;rovný;She has long straight hair.;
Lekce 1;describing people;stupid;ˈstjuːpɪd;hloupý;Don’t they know anything? They are so stupid !;
Lekce 1;describing people;suit;suːt;oblek;I don’t always wear a suit but I do wear a jacket.;
Lekce 1;describing people;sweater;ˈswetə;svetr;I wear a sweater to go jogging because it’s so cold.;
Lekce 1;describing people;symbol;ˈsɪmbl;symbol;The open window is a symbol of the love between them.;
Lekce 1;describing people;T-shirt;ˈtiːʃɜːt;tričko;I wear a T-shirt and shorts to the beach.;
Lekce 1;describing people;talkative;ˈtɔːkətɪv;hovorný;A person who talks a lot is talkative.;
Lekce 1;describing people;tall;tɔːl;vysoká;He’s very tall and slim.;
Lekce 1;describing people;thin;θɪn;hubený;He’s medium height and very thin.;
Lekce 1;describing people;tie;taɪ;kravata;Many men in England wear a tie to work.;
Lekce 1;describing people;tights;taɪts;punčochy;I prefer to wear tights under a skirt.;
Lekce 1;describing people;top;tɒp;horní díl;That’s a nice top.;
Lekce 1;describing people;top;tɒp;top;That’s a nice top.;
Lekce 1;describing people;tracksuit;ˈtræksuːt;tepláková souprava;I wear a tracksuit before a football game.;
Lekce 1;describing people;trainers;ˈtreɪnəz;běžecké boty;I don’t like trainers. I prefer shoes.;
Lekce 1;describing people;trainers;ˈtreɪnəz;sportovní;I don’t like trainers. I prefer shoes.;
Lekce 1;describing people;trousers;ˈtraʊzəz;kalhoty;Most of my trousers are black.;
Lekce 1;describing people;unfriendly;ʌnˈfrendli;nepřátelský;Nobody wants to spend time with him because he’s so unfriendly.;
Lekce 1;charakter;unkind;ˌʌnˈkaɪnd;nepříjemný, nelaskavý;Don’t be so unkind. It’s not nice.;
Lekce 1;describing people;unusual;ʌnˈjuːʒəl;neobvyklý;The position of the couple in the painting is unusual.;
Lekce 1;describing people;vase;vɑːz;váza;There’s a table, and a vase with flowers it.;
Lekce 1;describing people;wear;weə;mít na sobě;They wear the same clothes nearly every day.;
Lekce 1;describing people;wear;weə;nosit;They wear the same clothes nearly every day.;
Lekce 1;describing people;wedding;ˈwedɪŋ;svatba;In the UK, women often wear big hats at a wedding.;
Lekce 1;describing people;world;wɜːld;svět;I want to travel around the world.;
Lekce 1;describing people;classical music;klæsɪkl ˈmjuːzɪk;klasická hudba;I like men who are into literature and classical music.;
Lekce 1;describing people;get on well with;ɡet ɒn wel wɪð;dobře vycházet s;I’m friendly and I get on well with most people.;
Lekce 1;describing people;go on a date;ɡəʊ ɒn ə deɪt;jít na rande;Charlotte will go on a date with each man.;
Lekce 1;describing people;living room;ˈlɪvɪŋ ruːm;obývací pokoj;What pictures do you have on the wall in your living room?;
Lekce 1;describing people;sense of humour;sens əv ˈhjuːmə;smysl pro humor;I think I have a good sense of humour. I make lots of people laugh.;
Lekce 1;fráze, popis člověka;What does she look like?;wɒ dʌz ʃi lʊk laɪk;Jak vypadá?;What does she look like? She’s tall and slim with brown hair.;
Lekce 1;fráze, popis člověka;What is she like?;wɒt ɪz ʃi laɪk;Jaká je?;What is she like? She’s really nice and friendly.;
Lekce 2;základní;alright;ɔːlˈraɪt;v pořádku;It wasn’t awful or nice – it was just alright.;
Lekce 2;základní;announce;əˈnaʊns;oznámit;At 11 o’clock they will announce the results.;
Lekce 2;základní;argue;ˈɑːɡjuː;hádat se;We argue about everything.;
Lekce 2;základní;aristocrat;ˈærɪstəkræt;šlechtic;She was the granddaughter of Count Maurice de Bendern, a rich aristocrat.;
Lekce 2;základní;article;ˈɑːtɪkl;článek;Read the beginning of a newspaper article.;
Lekce 2;základní;atmosphere;ˈætməsfɪə;atmosféra;The hotel is wonderful, and has a very friendly atmosphere.;
Lekce 2;základní;awful;ˈɔːfl;hrozný;It was awful! We argued about everything.;
Lekce 2;základní;beautiful;ˈbjuːtɪfl;krásný;For our last four days we went to Ko Chang, a beautiful island.;
Lekce 2;základní;brake;breɪk;brzda;Quickly, she put her foot on the brake to stop the car.;
Lekce 2;základní;cloudy;ˈklaʊdi;oblačný;It was very cloudy with no sun at all.;
Lekce 2;základní;comfortable;ˈkʌmftəbl;pohodlný;The hotel is really comfortable . I sleep well every night.;
Lekce 2;základní;communist;ˈkɒmjənɪst;komunista;In 1968 she was a communist.;
Lekce 2;základní;crowded;ˈkraʊdɪd;přelidněný;There were people everywhere. The streets were crowded.;
Lekce 2;základní;delicious;dɪˈlɪʃəs;lahodný;The food was delicious . I loved it.;
Lekce 2;základní;democracy;dɪˈmɒkrəsi;demokracie;All the students were fighting for peace and democracy.;
Lekce 2;základní;demonstration;ˌdemənˈstreɪʃn;demonstrace;She was a leader in the demonstration.;
Lekce 2;základní;dirty;ˈdɜːti;špinavý;We checked out of the hotel because the rooms were so dirty.;
Lekce 2;základní;disaster;dɪˈzɑːstə;katastrofa;If you’re with the wrong person, a holiday can be a disaster.;
Lekce 2;základní;disgusting;dɪsˈɡʌstɪŋ;nechutný;The food was disgusting. I couldn’t eat it.;
Lekce 2;základní;election;ɪˈlekʃn;volby;Where can the people see the election results?;
Lekce 2;základní;emotional;ɪˈməʊʃənl;dojatý;When Obama made his speech they all became quiet and emotional.;
Lekce 2;základní;fantastic;fænˈtæstɪk;fantastický;We rented an apartment with a fantastic view of the canals.;
Lekce 2;základní;flirt;flɜːt;flirtovat;They were really friendly and Mia started to flirt with one of the boys.;
Lekce 2;základní;foggy;ˈfɒɡi;mlhavý;It was so foggy I couldn’t see anything.;
Lekce 2;základní;helpful;ˈhelpfl;ochotný;Everyone was really friendly and helpful.;
Lekce 2;základní;Hispanic;hɪˈspænɪk;hispánský;I watched his victory through the faces of all these people, African, Hispanic, Chinese, white.;
Lekce 2;základní;historical;hɪˈstɒrɪkl;historický;Is there a famous historical photo that you admire?;
Lekce 2;základní;horrible;ˈhɒrəbl;strašný;The food was horrible . I couldn’t eat it.;
Lekce 2;základní;hostel;ˈhɒstl;hostel;We stayed in a hostel, which was basic but clean.;
Lekce 2;základní;lovely;ˈlʌvli;nádherný;The weather was lovely and the beaches were wonderful.;
Lekce 2;základní;luxurious;lʌɡˈʒʊəriəs;luxusní;It’s really expensive and luxurious.;
Lekce 2;základní;madly;ˈmædli;šíleně;They were madly in love.;
Lekce 2;základní;marry;ˈmæri;oženit se s;He hoped that she would marry well, perhaps a member of a royal family.;
Lekce 2;základní;marry;ˈmæri;vdát se za;He hoped that she would marry well, perhaps a member of a royal family.;
Lekce 2;základní;nervous;ˈnɜːvəs;nervózní;Some people were smiling, but others were tense and nervous .;
Lekce 2;základní;noisy;ˈnɔɪzi;hlučný;I couldn’t sleep because it was so noisy.;
Lekce 2;základní;peace;piːs;mír;All the students were fighting for peace and democracy.;
Lekce 2;základní;perfect;ˈpɜːfɪkt;perfektní;The place is perfect .;
Lekce 2;základní;planet;ˈplænɪt;planeta;There was only one place to be on the planet that night – and I was there.;
Lekce 2;základní;politics;ˈpɒlətɪks;politika;She wasn’t interested in politics.;
Lekce 2;základní;property;ˈprɒpəti;majetek;Maurice de Bendern owned a lot of property in Paris and Monaco.;
Lekce 2;základní;questionnaire;ˌkwestʃəˈneə;dotazník;In pairs, interview your partner with the holiday questionnaire.;
Lekce 2;základní;rebel;ˈrebl;rebel;She was a rebel and she hated school.;
Lekce 2;základní;romantic;rəʊˈmæntɪk;romantický;The food wasn’t very good, but the restaurant was romantic.;
Lekce 2;základní;royal;ˈrɔɪəl;královský;He hoped that she would marry well, perhaps a member of a royal family.;
Lekce 2;základní;shoulders;ˈʃəʊldəz;ramena;She was sitting on a friend’s shoulders.;
Lekce 2;základní;speech;spiːtʃ;projev;When Obama made his speech they all became quiet and emotional.;
Lekce 2;základní;sunbathe;ˈsʌnbeɪð;opalovat se;We sunbathe on the beach every day.;
Lekce 2;základní;sunny;ˈsʌni;slunečný;I like to go on holiday to sunny places.;
Lekce 2;základní;sympathize;ˈsɪmpəθaɪz;sympatizovat;Who do you sympathize with most, Joe or Mia?;
Lekce 2;základní;tense;tens;napjatý;Some people were tense and nervous.;
Lekce 2;základní;terrible;ˈterəbl;příšerný;The apartment was terrible – really uncomfortable and dirty.;
Lekce 2;základní;uncomfortable;ʌnˈkʌmftəbl;nepohodlný;The bed was really uncomfortable. I couldn’t sleep.;
Lekce 2;základní;unfriendly;ʌnˈfrendli;nepřátelský;The people were really unfriendly. I didn’t like them at all.;
Lekce 2;charakter, služby;unhelpful;ʌnˈhelpfl;neochotný, nevstřícný;The waiter was very unhelpful. He didn’t explain any of the dishes.;
Lekce 2;základní;victory;ˈvɪktəri;vítězství;I was watching Obama’s victory through the faces of all these people.;
Lekce 2;základní;vote;vəʊt;hlasování;Have a class vote to decide which ending to listen to.;
Lekce 2;základní;warm;wɔːm;teplý;Although it was November, it was a warm night.;
Lekce 2;základní;wonderful;ˈwʌndəfl;báječný;The weather is wonderful .;
Lekce 2;základní;book flights online;bʊk flaɪts ˌɒnˈlaɪn;rezervovat si letenky online;I usually book flights online because it’s cheaper than using a travel agent.;
Lekce 2;základní;break up;breɪk ˈʌp;rozejít se;We decided to break up.;
Lekce 2;základní;buy souvenirs;baɪ ˌsuːvəˈnɪəz;kupovat suvenýry;I buy souvenirs for my family when I’m on holiday.;
Lekce 2;základní;fall in love;fɔːl ɪn lʌv;zamilovat se;Did they fall in love on their first date?;
Lekce 2;základní;feel sorry;fiːl ˈsɒri;litovat;I feel sorry for her. It’s not a good situation.;
Lekce 2;základní;fight for;faɪt fɔː;bojovat za;All the students decided to fight for democracy.;
Lekce 2;základní;go abroad;ɡəʊ əˈbrɔːd;odjet na víkend;I prefer to go abroad on holiday. cestovat do zahraničí go away for the weekend /ɡəʊ əˈweɪ fə ðə ˌwiːkˈend/ I like to go away for the weekend to the countryside.;
Lekce 2;holidays;go by bus;ɡəʊ baɪ bʌs;jet autobusem;I go to work by bus.;
Lekce 2;holidays;go by car;ɡəʊ baɪ kɑː;jet autem;I prefer to go by car.;
Lekce 2;holidays;go by plane;ɡəʊ baɪ pleɪn;letět letadlem;They went by plane.;
Lekce 2;holidays;go by train;ɡəʊ baɪ treɪn;jet vlakem;I prefer to go by train.;
Lekce 2;základní;go camping;ɡəʊ ˈkæmpɪŋ;jet kempovat;I would rather go camping than stay in a hotel.;
Lekce 2;holidays;go cycling;ɡəʊ ˈsaɪklɪŋ;jezdit na kole;I go cycling every weekend.;
Lekce 2;základní;go for a walk;ɡəʊ fər ə wɔːk;jít na procházku;Where can you go for a walk near where you live?;
Lekce 2;základní;go on holiday;gəʊ ɒn ˈhɒlədeɪ;jet na prázdniny;Where did she go on holiday?;
Lekce 2;základní;go out at night;ɡəʊ aʊt ət ˈnaɪt;vyrazit si večer;Where do you go out at night?;
Lekce 2;holidays;go sailing;ɡəʊ ˈseɪlɪŋ;plachtit;They go sailing in summer.;
Lekce 2;základní;go sightseeing;ɡəʊ ˈsaɪtsiːɪŋ;poznávat památky;I like to go sightseeing on holiday.;
Lekce 2;holidays;go skiing;ɡəʊ ˈskiːɪŋ;lyžovat;I often go skiing in winter.;
Lekce 2;holidays;go surfing;ɡəʊ ˈsɜːfɪŋ;surfovat;He goes surfing in Australia.;
Lekce 2;holidays;go swimming;ɡəʊ ˈswɪmɪŋ;jít plavat;I like to go swimming in the sea.;
Lekce 2;holidays;go walking;ɡəʊ ˈwɔːkɪŋ;chodit na túry;We go walking in the mountains.;
Lekce 2;základní;happy ending;hæpi ˈendɪŋ;šťastný konec;I prefer books and films that have a happy ending .;
Lekce 2;základní;have a good time;hæv ə ɡʊd ˈtaɪm;dobře se bavit;How was the party? Did you have a good time?;
Lekce 2;holidays;hire a bicycle;ˈhaɪər ə ˈbaɪsɪkl;půjčit si kolo;We hired a bicycle by the beach.;
Lekce 2;holidays;hire skis;haɪər skiːz;půjčit si lyže;I’ll hire skis when I go on my skiing trip.;
Lekce 2;základní;in a hurry;ɪn ə ˈhʌri;ve spěchu;She was going very fast because she was in a hurry.;
Lekce 2;základní;news photographer;njuːz fəˈtɒɡrəfə;novinový fotograf;Look at the photo which news photographer Tom Pilston took in 2008.;
Lekce 2;základní;nothing special;nʌθɪŋ ˈspeʃl;nic zvláštního;There was nothing special about the hotel. It could be anywhere in the world.;
Lekce 2;základní;rent an apartment;rent ən əˈpɑːtmənt;pronajmout si byt;We’re going to rent an apartment in Budapest for a week.;
Lekce 2;základní;screen saver;skriːn ˈseɪvə;spořič obrazovky;Do you have a photo as the screen saver on your computer?;
Lekce 2;holidays;spend money;spend ˈmʌni;utrácet peníze;My dad doesn’t like to spend money.;
Lekce 2;holidays;spend time;spend taɪm;trávit čas;I spend time with my family.;
Lekce 2;holidays;stay at a campsite;steɪ ət ə ˈkæmpsaɪt;být ubytován v kempu;They stayed at a campsite.;
Lekce 2;holidays;stay in a hotel;steɪ ɪn ə həʊˈtel;být ubytován v hotelu;I prefer to stay in a hotel.;
Lekce 2;holidays;stay with friends;steɪ wɪð frendz;být ubytován u přátel;We stayed with friends in London.;
Lekce 2;základní;take photos;teɪk ˈfəʊtəʊz;fotografovat;We like to take photos of all our friends.;
Lekce 2;základní;very windy;veri ˈwɪndi;velmi větrný;It was very windy. I lost my hat.;
Lekce 3;obecné;adopt;əˈdɒpt;přejímat;Sometimes we adopt words from foreign languages, like barista or latte.;
Lekce 3;obecné;ages;eɪdʒɪz;věky;I haven’t heard from you in ages!;
Lekce 3;obecné;arrivals;əˈraɪvlz;příjezdy;Let’s meet at arrivals when you get here.;
Lekce 3;obecné;arrivals;əˈraɪvlz;přílety;Let’s meet at arrivals when you get here.;
Lekce 3;obecné;barista;bəˈrɪstə;obsluha (v kavárně);The barista said our coffees will be ready soon.;
Lekce 3;obecné;board;bɔːd;nastoupit;You can have a shower before you board your flight.;
Lekce 3;obecné;brunch;brʌntʃ;brunch (snídaně a oběd v jednom);The word brunch (breakfast + lunch) first appeared in 1896.;
Lekce 3;obecné;conference;ˈkɒnfərəns;konference;I have a conference there next month and I thought perhaps we could meet.;
Lekce 3;obecné;customs;ˈkʌstəmz;celnice;Customs checked my bag this time.;
Lekce 3;obecné;definite;ˈdefɪnət;určitý;I don’t have any definite plans for the future.;
Lekce 3;obecné;delayed;dɪˈleɪd;zpožděný;Our flight is delayed, so we’ll have to wait here for another hour.;
Lekce 3;obecné;departures;dɪˈpɑːtʃəz;odjezdy;Someone in departures asked me where I was travelling to.;
Lekce 3;obecné;departures;dɪˈpɑːtʃəz;odlety;Someone in departures asked me where I was travelling to.;
Lekce 3;obecné;emoticon;ɪˈməʊtɪkɒn;emotikon;That emoticon represents a smiling face.;
Lekce 3;obecné;ex-partner;eks ˈpɑːtnə;bývalý partner;Who do you think is going to see an ex-partner?;
Lekce 3;obecné;exotic;ɪɡˈzɒtɪk;exotický;Who do you think is going to do a photo shoot in an exotic place?;
Lekce 3;obecné;facilities;fəˈsɪlətiz;vybavení;All good airports have excellent facilities for business people.;
Lekce 3;obecné;gadget;ˈɡædʒɪt;zařízení;My smartphone is my favourite gadget .;
Lekce 3;obecné;gastropub;ˈɡæstrəʊpʌb;hospůdka;Let’s have dinner at that new gastropub. I hear the food is excellent.;
Lekce 3;obecné;gate;ɡeɪt;brána, východ k letadlu;Gate 11 is this way – let’s go!;
Lekce 3;obecné;google;ˈɡuːɡl;vyhledat pomocí služby Google;If I want to learn more about something, I’ll Google it.;
Lekce 3;obecné;latte;ˈlɑːteɪ;latté;Can I please have a skinny latte?;
Lekce 3;obecné;lift;lɪft;výtah;I’ve got too many bags. Where is the lift?;
Lekce 3;obecné;location;ləʊˈkeɪʃn;místo;It is a beautiful location.;
Lekce 3;obecné;mime;maɪm;nevládní organizace;Try to mime the word. předvést pantomimou non-governmental organization n /nɒn ˌɡʌvnˈmentl ˌɔːɡənaɪˈzeɪʃn/ A non-governmental organization doesn’t work for the government.;
Lekce 3;obecné;nightmare;ˈnaɪtmeə;noční můra;For many people airports are a nightmare.;
Lekce 3;obecné;nowadays;ˈnaʊədeɪz;v současné době;It’s a thing which we use for everything nowadays.;
Lekce 3;obecné;paradise;ˈpærədaɪs;ráj;Singapore airport is paradise for flower lovers.;
Lekce 3;obecné;passengers;ˈpæsɪndʒəz;pasažéři;Munich airport helps to keep passengers entertained with a 60-seat cinema.;
Lekce 3;obecné;perhaps;pəˈhæps;možná, snad;I have a conference there next month and I thought perhaps we could meet.;
Lekce 3;obecné;predictions;prɪˈdɪkʃnz;předpovědi;What predictions can you make about the future?;
Lekce 3;obecné;ringtone;ˈrɪŋtəʊn;vyzváněcí tón;The ringtone on your phone is very annoying!;
Lekce 3;obecné;rooftop;ˈruːftɒp;cestovní plány;This hotel has a swimming pool on the rooftop . střecha travel arrangements pl n /ˈtrævl əˈreɪndʒmənts/ I can’t tell you when I arrive because I don’t know my travel arrangements yet.;
Lekce 3;obecné;security;sɪˈkjʊərəti;bezpečnostní kontrola;I always feel nervous when I go through security.;
Lekce 3;obecné;signs;saɪnz;značky;Look at the airport signs.;
Lekce 3;obecné;smartphone;ˈsmɑːtfəʊn;chytrý telefon;Now that I have a smartphone, I don’t use a computer as much as I used to.;
Lekce 3;obecné;terminal;ˈtɜːmɪnl;terminál;Which terminal do we leave from?;
Lekce 3;obecné;text;tekst;psát textovou zprávu;Do you prefer to text or call your friends?;
Lekce 3;obecné;trolley;ˈtrɒli;vozík;Let’s get a trolley. These bags are heavy.;
Lekce 3;obecné;tweet;twiːt;tweetovat;He uses his phone to tweet updates for his friends and family.;
Lekce 3;obecné;Wi-Fi;ˈwaɪ faɪ;wi-fi;Does this hotel have free Wi-Fi? I need to check my email.;
Lekce 3;obecné;baggage drop-off;ˈbæɡɪdʒ drɒp ɒf;zavazadlový prostor;Take your bag to the baggage drop-off.;
Lekce 3;obecné;baggage reclaim;ˈbæɡɪdʒ rɪkleɪm;výdej zavazadel;Collect your bag from baggage reclaim.;
Lekce 3;obecné;check-in desk;ˈtʃek ɪn desk;odbavovací přepážka;Let’s go to the check-in desk first and leave our bags.;
Lekce 3;obecné;connecting flight;kəˈnektɪŋ flaɪt;přípoj, navazující let;We have to wait in the airport lounge for our connecting flight.;
Lekce 3;obecné;fix a day;fɪks ə deɪ;domluvit si datum;Then we can fix a day and a time to meet.;
Lekce 3;obecné;passport control;ˈpɑːspɔːt kəntrəʊl;pasová kontrola;Have you got your passport? We are about to go through passport control.;
Lekce 3;obecné;photo shoot;ˈfəʊtəʊ ʃuːt;fotografování;Who do you think is going to do a photo shoot in an exotic place?;
Lekce 3;obecné;reservation number;ˌrezəˈveɪʃn nʌmbə;číslo rezervace;Thank you for booking with easyJet. Your reservation number is: I5CS2L.;
Lekce 3;obecné;road rage;rəʊd reɪdʒ;agresivita za volantem;Do you ever experience road rage when you’re driving?;
Lekce 3;obecné;toy boy;ˈtɔɪ bɔɪ;zajíček (mladý muž);He’s much younger than his girlfriend – he’s a toy boy.;
Lekce 4;obecné;accidentally;ˌæksɪˈdentəli;náhodou;Have you ever accidentally taken something from a shop without paying?;
Lekce 4;obecné;account;əˈkaʊnt;účet;I have an account at the bank.;
Lekce 4;obecné;annoying;əˈnɔɪɪŋ;otravný;Teenagers have annoying habits – but so do their parents!;
Lekce 4;obecné;auction;ˈɔːkʃn;aukce;What did you buy at the auction?;
Lekce 4;obecné;basket;ˈbɑːskɪt;košík;Do we need a trolley or a basket?;
Lekce 4;obecné;carer;ˈkeərə;opatrovník;I like being a carer . I enjoy looking after people.;
Lekce 4;obecné;checkout;ˈtʃekaʊt;pokladna;I got to the checkout and then I realised I didn’t have enough money.;
Lekce 4;obecné;chic;ʃiːk;šik, elegantní;They are so chic, and their sense of colour is so natural to them.;
Lekce 4;obecné;click;klɪk;kliknout;Click on that button there.;
Lekce 4;obecné;colleague;ˈkɒliːɡ;kolega;Have you ever lied to a colleague about your weekend?;
Lekce 4;obecné;customer;ˈkʌstəmə;zákazník;Have you ever had an angry customer in your shop?;
Lekce 4;obecné;delivery;dɪˈlɪvəri;dodávka, zásilka;When is the delivery coming?;
Lekce 4;obecné;depressing;dɪˈpresɪŋ;depresivní;Why do you think the news is often depressing?;
Lekce 4;obecné;details;ˈdiːteɪlz;podrobnosti;One person in four invents details about their weekend.;
Lekce 4;obecné;dishwasher;ˈdɪʃwɒʃə;myčka nádobí;I don’t do the washing up because I have a dishwasher.;
Lekce 4;obecné;dyslexic;dɪsˈleksɪk;dyslektický;When I was at school I had problems reading because I was dyslexic.;
Lekce 4;obecné;encourage;ɪnˈkʌrɪdʒ;vybízet, povzbuzovat;Networking sites may encourage us to invent details about our social lives.;
Lekce 4;obecné;exclusive;ɪkˈskluːsɪv;exkluzivní;Lindka Cierach makes very exclusive clothes for women.;
Lekce 4;obecné;fit;fɪt;pasovat;These shoes don’t fit. They’re too big.;
Lekce 4;obecné;fit;fɪt;sedět;These shoes don’t fit. They’re too big.;
Lekce 4;obecné;habit;ˈhæbɪt;zvyk;Do you have an annoying habit?;
Lekce 4;obecné;illusion;ɪˈluːʒn;iluze;People can create an illusion of who they want to be.;
Lekce 4;obecné;item;ˈaɪtəm;položka;There is one item you don’t need.;
Lekce 4;obecné;jealous;ˈdʒeləs;žárlivý;Some people lie because they don’t want to make their friends jealous .;
Lekce 4;obecné;kill;kɪl;zničit;Those shoes will kill your feet!;
Lekce 4;obecné;massage;ˈmæsɑːʒ;masáž;Who gives their mother a massage ?;
Lekce 4;obecné;payment;ˈpeɪmənt;platba;How much is the payment?;
Lekce 4;obecné;price;praɪs;cena;Did you get a good price?;
Lekce 4;obecné;proceed;prəˈsiːd;pokračovat;Please proceed to passport control.;
Lekce 4;obecné;receipt;rɪˈsiːt;účtenka;I didn’t have the receipt so I couldn’t take the jumper back.;
Lekce 4;obecné;remote;rɪˈməʊt;dálkové ovládání;They always pick up the remote and change the channel.;
Lekce 4;obecné;reputation;ˌrepjuˈteɪʃn;pověst;What reputation do teenagers have?;
Lekce 4;obecné;sewing;ˈsəʊɪŋ;šití;The only things I enjoyed there were art and sewing.;
Lekce 4;obecné;situation;ˌsɪtʃuˈeɪʃn;situace;Sometimes the situation is just boring.;
Lekce 4;obecné;size;saɪz;velikost;What size do you need? Medium or large?;
Lekce 4;obecné;suit;suːt;slušet;That top doesn’t suit me. It’s the wrong colour.;
Lekce 4;obecné;survey;ˈsɜːveɪ;průzkum;The survey has shown that 25% of people have very exciting weekends.;
Lekce 4;obecné;trolley;ˈtrɒli;vozík;I need to buy a lot. Get me a trolley, please.;
Lekce 4;obecné;website;ˈwebsaɪt;webová stránka;I know a great website for shopping online.;
Lekce 4;obecné;bare feet;beə fiːt;bosé nohy;I walked out into the street in bare feet and jumped into a taxi!;
Lekce 4;obecné;carry on;ˈkæri ɒn;pokračovat;They carry on texting when I’m telling them something important.;
Lekce 4;obecné;changing rooms;ˈtʃeɪndʒɪŋ rʊmz;zkušební kabinky;Where are the changing rooms? I want to try this on.;
Lekce 4;obecné;clean the floor;kliːn ðə flɔː;mýt podlahu;I need to clean the floor. It’s very dirty.;
Lekce 4;obecné;clear the table;klɪə ðə ˈteɪbl;sklidit ze stolu;We need to clear the table then do the washing up.;
Lekce 4;obecné;do a course;du ə ˈkɔːs;navštěvovat kurz;I am going to do a course to improve my IT skills.;
Lekce 4;obecné;do an exam;du ən ɪɡˈzæm;dělat zkoušku;I have to do an exam tomorrow.;
Lekce 4;obecné;do an exercise;du ən ˈeksəsaɪz;dělat cvičení;Please do this exercise.;
Lekce 4;obecné;do exercise;du ˈeksəsaɪz;cvičit;I do exercise every morning.;
Lekce 4;obecné;do homework;du ˈhəʊmwɜːk;dělat domácí úkol;I have to do homework.;
Lekce 4;obecné;do housework;du ˈhaʊswɜːk;dělat domácí práce;I usually do housework every Sunday.;
Lekce 4;obecné;do sport;du ˈspɔːt;sportovat;I don’t do sport.;
Lekce 4;obecné;do the ironing;du ðə ˈaɪənɪŋ;žehlit;I don’t like to do the ironing.;
Lekce 4;obecné;do the shopping;du ðə ˈʃɒpɪŋ;nakupovat;We do the shopping together.;
Lekce 4;obecné;do the washing;du ðə ˈwɒʃɪŋ;prát;I do the washing on Mondays.;
Lekce 4;obecné;do the washing up;du ðə wɒʃɪŋ ˈʌp;mýt nádobí;We don’t do the washing up. We have a dishwasher.;
Lekce 4;obecné;fancy dress party;fænsi ˈdres pɑːti;maškarní večírek;I’m wearing strange clothes because I’m going to a fancy dress party.;
Lekce 4;obecné;fashion designer;ˈfæʃn dɪzaɪnə;módní návrhář;Lindka Cierach is a fashion designer.;
Lekce 4;obecné;fashion sense;ˈfæʃn sens;vkus;She always dresses well – she has a really good fashion sense.;
Lekce 4;obecné;high heels;haɪ ˈhiːlz;vysoké podpatky;Have you ever fallen over because you were wearing very high heels?;
Lekce 4;obecné;lay the table;leɪ ðə ˈteɪbl;prostřít;Can you please lay the table for dinner?;
Lekce 4;obecné;make a mistake;meɪk ə mɪˈsteɪk;udělat chybu;Try not to make a mistake.;
Lekce 4;obecné;make a noise;meɪk ə ˈnɔɪz;dělat rámus;Your brother is sleeping – try not to make a noise.;
Lekce 4;obecné;make a phone call;meɪk ə ˈfəʊn kɔːl;telefonovat;Can I use the phone? I need to make a phone call.;
Lekce 4;obecné;make friends;meɪk ˈfrendz;spřátelit se;It can take a while to make friends when you move to a new town.;
Lekce 4;obecné;make lunch;meɪk ˈlʌntʃ;vařit oběd;I don’t make lunch. I buy it.;
Lekce 4;obecné;make plans;meɪk ˈplænz;naplánovat;We’ll make plans to get a new kitchen soon.;
Lekce 4;obecné;make the beds;meɪk ðə ˈbedz;stlát postele;I make the beds when everyone has left the house.;
Lekce 4;obecné;pick up dirty clothes;pɪk ʌp dɜːti ˈkləʊðz;sbírat špinavé prádlo;They never pick up dirty clothes or wet towels from the floor.;
Lekce 4;obecné;put away your clothes;pʊt əweɪ jɔː ˈkləʊðz;uklidit oblečení;Can you put away your clothes? Your room is a mess.;
Lekce 4;obecné;roll your eyes;rəʊl jɔːr ˈaɪz;obracet oči v sloup;Don’t roll your eyes when I ask you to do something!;
Lekce 4;obecné;shop assistant;ˈʃɒp əˌsɪstənt;prodavač;Have you ever had an argument with a shop assistant?;
Lekce 4;obecné;social life;ˈsəʊʃl laɪf;společenský život;Have you ever invented details about your social life?;
Lekce 4;obecné;social networking;səʊʃl ˈnetwɜːkɪŋ;sociální sítě;Social networking sites make people spend more time on the computer.;
Lekce 4;obecné;take back;teɪk ˈbæk;vrátit;I wanted to take back the jumper, but I didn’t have the receipt.;
Lekce 4;obecné;take out the rubbish;teɪk aʊt ðə ˈrʌbɪʃ;vynést odpadky;I take out the rubbish on Wednesday.;
Lekce 4;obecné;tell the truth;tel ðə ˈtruːθ;říkat pravdu;Do you always tell the truth about what you did at the weekend?;
Lekce 4;obecné;tidy your room;taɪdi jɔː ˈrʊm;uklidit si pokoj sHopping;Can you tidy your room please?;
Lekce 4;obecné;try on;traɪ ˈɒn;vyzkoušet si;I’m going to the changing rooms to try on this shirt.;
Lekce 4;obecné;wedding dress;ˈwedɪŋ dres;svatební šaty;She designed Sarah Ferguson’s wedding dress.;
Lekce 5;describing a town;abbreviations;əˌbriːviˈeɪʃnz;zkratky;Abbreviations, like BFN (bye for now), are becoming more popular.;
Lekce 5;describing a town;accident;ˈæksɪdənt;nehoda;I hit another car and had a bad accident.;
Lekce 5;describing a town;anxious;ˈæŋkʃəs;neklidný;If you drink too much coffee it can make you feel anxious.;
Lekce 5;describing a town;architecture;ˈɑːkɪtektʃə;architektura;Which city has the best architecture?;
Lekce 5;describing a town;average;ˈævərɪdʒ;průměrný;The average speed of cars in New York City is 15 km/h.;
Lekce 5;describing a town;body;ˈbɒdi;tělo;Skin covers the outside of a person’s body.;
Lekce 5;describing a town;bones;bəʊnz;kosti;This vitamin is important for strong bones and a healthy immune system.;
Lekce 5;describing a town;boring;ˈbɔːrɪŋ;nudný;The new part of town is quite boring.;
Lekce 5;describing a town;brain;breɪn;mozek;It seems that computer games stimulate the brain.;
Lekce 5;describing a town;castle;ˈkɑːsl;hrad;The castle is in the centre of the old town.;
Lekce 5;describing a town;cathedral;kəˈθiːdrəl;katedrála;The cathedral is very popular with tourists.;
Lekce 5;describing a town;change;tʃeɪndʒ;drobné (peníze);If you are given too much change, do you tell the shop assistant?;
Lekce 5;describing a town;characters;ˈkærəktəz;znaky;Twitter only allows you to use 140 characters .;
Lekce 5;describing a town;church;tʃɜːtʃ;kostel;The church has beautiful colourful windows.;
Lekce 5;describing a town;clean;kliːn;čistý;The river is very clean and there are a lot of fish in it.;
Lekce 5;describing a town;continent;ˈkɒntɪnənt;světadíl;Think about your country or continent. Which cities are the best?;
Lekce 5;describing a town;crowded;ˈkraʊdɪd;přelidněný;There were people everywhere. It was really crowded.;
Lekce 5;describing a town;culture;ˈkʌltʃə;kultura;Europe’s big cities offer travellers a huge variety of culture.;
Lekce 5;describing a town;dangerous;ˈdeɪndʒərəs;nebezpečný;It can be dangerous at night so walk with someone else.;
Lekce 5;describing a town;diet;ˈdaɪət;strava;My diet is so unhealthy. I eat junk food all the time.;
Lekce 5;describing a town;empty;ˈempti;prázdný;Many of the shops are empty. Nobody has any money.;
Lekce 5;describing a town;exciting;ɪkˈsaɪtɪŋ;vzrušující;The city is exciting. There is so much to do.;
Lekce 5;describing a town;frightening;ˈfraɪtnɪŋ;děsivý;What’s the most frightening film you’ve ever seen?;
Lekce 5;describing a town;generous;ˈdʒenərəs;štědrý;Who’s the most generous person in your family?;
Lekce 5;describing a town;illnesses;ˈɪlnəsɪz;nemoci;Drinking coffee may help to prevent some illnesses like diabetes and Parkinson’s disease.;
Lekce 5;describing a town;immediately;ɪˈmiːdiətli;okamžitě;People feel frustrated when an internet page does not open immediately.;
Lekce 5;describing a town;impatient;ɪmˈpeɪʃnt;netrpělivý;People get very impatient because they think they’re wasting time.;
Lekce 5;describing a town;inhabitants;ɪnˈhæbɪtənts;obyvatelé;Which city had the friendliest and most polite inhabitants?;
Lekce 5;describing a town;interesting;ˈɪntrestɪŋ;zajímavý;The museum was very interesting. I want to go again.;
Lekce 5;describing a town;irritable;ˈɪrɪtəbl;podrážděný;Do you get irritable if you sit for an hour without doing anything?;
Lekce 5;describing a town;keyring;ˈkiːrɪŋ;klíčenka;I bought a keyring of the Eiffel Tower as a souvenir.;
Lekce 5;describing a town;lifestyle;ˈlaɪfstaɪl;životní styl;My lifestyle is too unhealthy. I need to exercise.;
Lekce 5;describing a town;market;ˈmɑːkɪt;trh;The market sells great fresh fish.;
Lekce 5;describing a town;modern;ˈmɒdn;moderní;The building is very modern and everything else is old. It looks strange.;
Lekce 5;describing a town;mosque;mɒsk;mešita;The mosque is the biggest in Europe.;
Lekce 5;describing a town;museum;mjuˈziːəm;muzeum;I like the national museum the best. You learn so much about the country.;
Lekce 5;describing a town;nightlife;ˈnaɪtlaɪf;noční život;London has the best public parks and the best nightlife.;
Lekce 5;describing a town;noisy;ˈnɔɪzi;hlučný;All the cars make it very noisy.;
Lekce 5;describing a town;old;əʊld;starý;There are so many beautiful old buildings.;
Lekce 5;describing a town;palace;ˈpæləs;palác;The royal family lived in the palace .;
Lekce 5;describing a town;patient;ˈpeɪʃnt;trpělivý;People aren’t as patient as they were in the past.;
Lekce 5;describing a town;polite;pəˈlaɪt;slušný;Which city had the friendliest and most polite inhabitants?;
Lekce 5;describing a town;polluted;pəˈluːtɪd;znečištěný;The factories and cars make it very polluted.;
Lekce 5;describing a town;prevent;prɪˈvent;předcházet;Several studies show that drinking coffee helps to prevent some illnesses.;
Lekce 5;describing a town;quiet;ˈkwaɪət;tichý;It’s a small town and quite quiet.;
Lekce 5;describing a town;safe;seɪf;bezpečný;It’s very safe. There is never any trouble.;
Lekce 5;describing a town;scientific;ˌsaɪənˈtɪfɪk;vědecký;The tests were not very careful or scientific.;
Lekce 5;describing a town;several;ˈsevrəl;několik;Several studies show that drinking coffee helps to prevent some illnesses.;
Lekce 5;describing a town;statue;ˈstætʃuː;socha;There is a statue of the king in the square.;
Lekce 5;describing a town;stimulate;ˈstɪmjuleɪt;stimulovat;It seems that computer games stimulate the brain.;
Lekce 5;describing a town;stories;ˈstɔːriz;příběhy;These are shorter versions of traditional stories .;
Lekce 5;describing a town;stressed;strest;stresovaný;We spend more time than ever sitting in our cars, feeling stressed.;
Lekce 5;describing a town;sunscreen;ˈsʌnskriːn;opalovací krém;You should wear sunscreen so you don’t get burnt.;
Lekce 5;describing a town;temple;ˈtempl;chrám, svatyně;The temple is visited by many religious tourists.;
Lekce 5;describing a town;traditional;trəˈdɪʃənl;tradiční;These are shorter versions of traditional stories.;
Lekce 5;describing a town;traffic;ˈtræfɪk;provoz;Our cars are faster, but the traffic is worse, so we drive more slowly.;
Lekce 5;describing a town;unwell;ʌnˈwel;ne ve své kůži;I feel unwell. I’m not going to work.;
Lekce 5;describing a town;verdict;ˈvɜːdɪkt;mínění;Do you agree with the travel survey’s verdict that London has the best nightlife?;
Lekce 5;describing a town;department store;dɪˈpɑːtmənt stɔː;obchodní dům;You can find everything you want in the department store.;
Lekce 5;describing a town;feel frustrated;fiːl frʌˈstreɪtɪd;cítit se otráveně;Do you feel frustrated when you’re behind people who are walking slowly?;
Lekce 5;describing a town;immune system;ɪˈmjuːn sɪstəm;imunitní systém;This vitamin is important for strong bones and a healthy immune system.;
Lekce 5;describing a town;on time;ɒn ˈtaɪm;včas;We aren’t going to arrive on time.;
Lekce 5;describing a town;save time;seɪv ˈtaɪm;šetřit čas;These stories are for busy parents who need to save time.;
Lekce 5;describing a town;shopping centre;ˈʃɒpɪŋ sentə;nákupní centrum;The shopping centre has over 200 shops.;
Lekce 5;describing a town;town hall;taʊn ˈhɔːl;radnice;The local government meet in the town hall.;
Lekce 5;describing a town;waste time;ˈweɪst taɪm;plýtvat časem;I don’t watch much TV because I don’t like to waste time.;
Lekce 6;opposite verbs;album;ˈælbəm;album;He recently went to New Orleans to record an album of 15 songs.;
Lekce 6;opposite verbs;arrive;əˈraɪv;přijet;What time does the train arrive at the station?;
Lekce 6;opposite verbs;borrow;ˈbɒrəʊ;půjčit si;Can I borrow some money? I’ll pay you back tomorrow.;
Lekce 6;opposite verbs;break;breɪk;rozbít;How did you break your glasses?;
Lekce 6;opposite verbs;buy;baɪ;koupit;I don’t like renting. I want to buy a house.;
Lekce 6;opposite verbs;catch;kætʃ;stihnout;I need to catch the next train.;
Lekce 6;opposite verbs;constantly;ˈkɒnstəntli;neustále;I am someone who is constantly expecting a plane to drop on my head.;
Lekce 6;opposite verbs;episode;ˈepɪsəʊd;epizoda;Which episode of House M.D. is your favourite?;
Lekce 6;opposite verbs;expect;ɪkˈspekt;očekávat;If you’re an optimist you expect good things to happen.;
Lekce 6;opposite verbs;fail;feɪl;neuspět;Did he fail the exam?;
Lekce 6;opposite verbs;find;faɪnd;najít;Why can you never find your keys?;
Lekce 6;opposite verbs;finish;ˈfɪnɪʃ;dokončit;I’ll come back and finish the job tomorrow.;
Lekce 6;opposite verbs;forget;fəˈɡet;zapomenout;Sorry, I always forget people’s names.;
Lekce 6;opposite verbs;get;ɡet;získat;Do you think you’ll get a good job in the future?;
Lekce 6;opposite verbs;impress;ɪmˈpres;zapůsobit;I want to impress them and get the job.;
Lekce 6;opposite verbs;interpretation;ɪnˌtɜːprɪˈteɪʃn;výklad;I read a book about the interpretation of dreams.;
Lekce 6;opposite verbs;learn;lɜːn;učit se;Are you going to learn a new language next year?;
Lekce 6;opposite verbs;leave;liːv;nechat;Please leave a message if I don’t answer the phone.;
Lekce 6;opposite verbs;lend;lend;půjčit (komu);Can you lend me five dollars?;
Lekce 6;opposite verbs;list;lɪst;seznam;Write the words in the list in the right columns.;
Lekce 6;opposite verbs;lose;luːz;prohrát;They’ll lose the match. They’re terrible players.;
Lekce 6;opposite verbs;mend;mend;spravit;Can you mend my shirt? The button fell off.;
Lekce 6;opposite verbs;miss;mɪs;zmeškat;Did we miss the train? When is the next one?;
Lekce 6;opposite verbs;optimist;ˈɒptɪmɪst;optimista;Are you an optimist or a pessimist?;
Lekce 6;opposite verbs;owl;aʊl;sova;Were you frightened of the owl ?;
Lekce 6;opposite verbs;pass;pɑːs;složit (zkoušku);My parents will be so happy if I pass the exam.;
Lekce 6;opposite verbs;passionate;ˈpæʃənət;vášnivý;Laurie is a talented musician and is passionate about the blues.;
Lekce 6;opposite verbs;patient;ˈpeɪʃnt;pacient;You’re going to listen to a psychoanalyst talking to a patient.;
Lekce 6;opposite verbs;pessimist;ˈpesɪmɪst;pesimista;Dr House, from the hit TV series House M.D., is famous for being a pessimist.;
Lekce 6;opposite verbs;previous;ˈpriːviəs;předchozí;Do you want to go back to the previous version?;
Lekce 6;opposite verbs;psychoanalyst;ˌsaɪkəʊˈænəlɪst;psychoanalytik;You’re going to listen to a psychoanalyst talking to a patient.;
Lekce 6;opposite verbs;pull;pʊl;táhnout;Push the door, don’t pull it.;
Lekce 6;opposite verbs;push;pʊʃ;zatlačit;Push the door, don’t pull it.;
Lekce 6;opposite verbs;receive;rɪˈsiːv;obdržet;Did you receive my email?;
Lekce 6;opposite verbs;record;reˈkɔːd;nahrát;He recently went to New Orleans to record an album of 15 songs.;
Lekce 6;opposite verbs;remember;rɪˈmembə;vzpomenout si;Do you usually remember to give it back?;
Lekce 6;opposite verbs;repair;rɪˈpeə;opravit;I need to ask someone to repair my computer. It doesn’t work.;
Lekce 6;opposite verbs;sell;sel;prodat;I want to sell my car and buy a new one.;
Lekce 6;opposite verbs;send;send;poslat;I need to send an email to John before the end of the day.;
Lekce 6;opposite verbs;series;ˈsɪəriːz;řada;Even after seven series of House M.D. he still feels pessimistic about it.;
Lekce 6;opposite verbs;start;stɑːt;začít;What time does it start?;
Lekce 6;opposite verbs;stop;stɒp;přestat;Please stop making so much noise.;
Lekce 6;obecné;strangers;ˈstreɪndʒəz;cizí lidé, neznámí lidé;Complete strangers come up to him in the street and say, “Cheer up, mate!”;
Lekce 6;opposite verbs;success;səkˈses;úspěch;Laurie never thought that House M.D. was going to be a success.;
Lekce 6;opposite verbs;talented;ˈtæləntɪd;talentovaný;Like Dr House, Laurie is also a talented musician.;
Lekce 6;opposite verbs;teach;tiːtʃ;vyučovat;I’m going to China to teach English.;
Lekce 6;opposite verbs;towel;ˈtaʊəl;ručník;Can I borrow a towel for the shower?;
Lekce 6;opposite verbs;version;ˈvɜːʒn;verze;Do you want to go back to the previous version ?;
Lekce 6;opposite verbs;win;wɪn;vyhrát;I hope we’ll win this match.;
Lekce 6;opposite verbs;alarm clock;əˈlɑːm klɒk;budík;Were you sleeping when the alarm clock rang this morning?;
Lekce 6;opposite verbs;Definitely (not).;ˈdefɪnətli (nɒt);Určitě (ne).;Do you want to go out tonight? ~ Definitely. I’m so bored!;
Lekce 6;opposite verbs;get engaged;ɡet ɪnˈɡeɪdʒd;zasnoubit se;They fell in love and decided to get engaged .;
Lekce 6;opposite verbs;I doubt it.;aɪ daʊt ɪt;Pochybuji.;Is it open? ~ I doubt it. It’s very late.;
Lekce 6;opposite verbs;long distance;ˌlɒŋ ˈdɪstəns;na dálku;The long distance relationship first cooled and then ended.;
Lekce 6;opposite verbs;Probably (not).;ˈprɒbəbli (nɒt);Pravděpodobně (ne).;I don’t think so. Probably not.;
Lekce 6;opposite verbs;turn off;tɜːn ˈɒf;vypnout;Turn off the light. I want to get some sleep.;
Lekce 6;opposite verbs;turn on;tɜːn ˈɒn;zapnout;Can you turn on the TV? There’s something I want to watch.;
Lekce 7;verb forms;ambitions;æmˈbɪʃnz;ambice;Her parents will want to know about your ambitions.;
Lekce 7;verb forms;breathe;briːð;dýchat;If you want to sing well you need to learn to breathe correctly.;
Lekce 7;verb forms;controversial;ˌkɒntrəˈvɜːʃl;kontroverzní;Don’t talk about controversial subjects like religion and politics.;
Lekce 7;verb forms;engine;ˈendʒɪn;motor;The engine on my car doesn’t work. I need a new car.;
Lekce 7;verb forms;firmly;ˈfɜːmli;pevně;When they greet you at the door shake the father’s hand firmly.;
Lekce 7;verb forms;greet;ɡriːt;vítat;When they greet you at the door shake the father’s hand firmly.;
Lekce 7;verb forms;incredibly;ɪnˈkredəbli;neuvěřitelně;It’s an incredibly difficult language to learn.;
Lekce 7;verb forms;intensive;ɪnˈtensɪv;intenzivní;I did a one-month intensive course in Spanish.;
Lekce 7;verb forms;magical;ˈmædʒɪkl;magický;There’s something magical about making something from nothing.;
Lekce 7;verb forms;necessary;ˈnesəsəri;nutný;It isn’t necessary to read but it helps.;
Lekce 7;verb forms;notice;ˈnəʊtɪs;oznámení;What does that notice mean?;
Lekce 7;verb forms;obligatory;əˈblɪɡətri;povinný;It isn’t obligatory to stay. Let’s go home.;
Lekce 7;verb forms;opinion;əˈpɪnjən;názor;If they ask you for your opinion, be honest.;
Lekce 7;verb forms;permitted;pəˈmɪtɪd;dovoleno;It isn’t permitted. It’s against the rules.;
Lekce 7;verb forms;phrasebook;ˈfreɪz bʊk;konverzační příručka;You mustn’t use a dictionary or phrasebook.;
Lekce 7;verb forms;punctual;ˈpʌŋktʃuəl;přesný;It’s very important to be punctual at a first meeting.;
Lekce 7;verb forms;revise;rɪˈvaɪz;zopakovat si;I need to revise for my exam.;
Lekce 7;verb forms;rhythm;ˈrɪðəm;rytmus;I love the rhythm of the music.;
Lekce 7;verb forms;service;ˈsɜːvɪs;servis;The service here is excellent.;
Lekce 7;verb forms;service;ˈsɜːvɪs;služby;The service here is excellent.;
Lekce 7;verb forms;subtitles;ˈsʌbtaɪtlz;titulky;Do you enjoy films with subtitles?;
Lekce 7;verb forms;survive;səˈvaɪv;přežít;Then I had to do some tests to see if I could survive in different situations.;
Lekce 7;verb forms;tactic;ˈtæktɪk;taktika;Asking them what your partner was like as a child is a brilliant tactic.;
Lekce 7;verb forms;weak;wiːk;slabý;No father likes a weak handshake!;
Lekce 7;verb forms;decide to go;dɪˈsaɪd tə ˈɡəʊ;rozhodnout se jet;Where did you decide to go on holiday?;
Lekce 7;verb forms;enjoy reading;ɪndʒɔɪ ˈriːdɪŋ;mít rád čtení;I enjoy reading. I read a book a week.;
Lekce 7;verb forms;feel like cooking;fiːl laɪk ˈkʊkɪŋ;mít chuť uvařit;I feel like cooking fish tonight.;
Lekce 7;verb forms;finish tidying;fɪnɪʃ ˈtaɪdiɪŋ;skončit úklid;Can you finish tidying your room?;
Lekce 7;verb forms;forget to turn off;fəˈɡet tə tɜːn ˈɒf;zapomenout vypnout;Don’t forget to turn off the light.;
Lekce 7;verb forms;full moon;ˌfʊl ˈmuːn;úplněk;Happiness is kissing someone you love at night under a full moon.;
Lekce 7;verb forms;go on working;ɡəʊ ɒn ˈwɜːkɪŋ;pokračovat v práci;I’m tired. I don’t know how long I can go on working.;
Lekce 7;verb forms;good for your health;ɡʊd fɔː jɔː helθ;dobrý pro zdraví;Singing is good for your health.;
Lekce 7;verb forms;hate being;heɪt ˈbiːɪŋ;nesnášet být;I hate being old. I want to be young again.;
Lekce 7;verb forms;hope to see;həʊp tə ˈsiː;doufat, že se uvidím s;I hope to see you at the weekend.;
Lekce 7;verb forms;learn to drive;lɜːn tə ˈdraɪv;naučit se řídit;I want to learn to drive. I hate walking!;
Lekce 7;verb forms;like having;laɪk ˈhævɪŋ;mít rád;I like having my dog. He’s so friendly.;
Lekce 7;verb forms;love getting up;lʌv ˈɡetɪŋ ʌp;mít rád vstávání;I love getting up early and doing as much as possible.;
Lekce 7;verb forms;need to go;niːd tə ˈɡəʊ;potřebovat jet;I need to go to the shop. We haven’t got any milk.;
Lekce 7;verb forms;offer to help;ˈɒfə tə ˈhelp;nabídnout pomoc;The shop assistant was not friendly, and didn’t offer to help.;
Lekce 7;verb forms;plan to get married;plæn tə ɡet ˈmærid;plánovat vzít se;We plan to get married next year.;
Lekce 7;verb forms;pretend to be ill;prɪˈtend tə bi ˈɪl;předstírat nemoc;Did you ever pretend to be ill so you didn’t have to go to school?;
Lekce 7;verb forms;promise to pay;ˈprɒmɪs tə ˈpeɪ;slíbit zaplatit;I promise to pay you back later.;
Lekce 7;verb forms;read music;riːd ˈmjuːzɪk;umět noty;You need to know how to read music to be able to sing well.;
Lekce 7;verb forms;remember to bring;rɪˈmembə tə ˈbrɪŋ;nezapomenout vzít si notebook;Remember to bring your laptop. The computer is broken.;
Lekce 7;verb forms;spend time talking;spend taɪm ˈtɔːkɪŋ;trávit čas mluvením;My family live far away, so I spend time talking to them on the phone.;
Lekce 7;verb forms;start raining;stɑːt ˈreɪnɪŋ;začít pršet;When did it start raining?;
Lekce 7;verb forms;start to rain;stɑːt tə ˈreɪn;začít pršet;When did it start to rain? It’s so wet out there.;
Lekce 7;verb forms;stay friends;steɪ frendz;zůstat přáteli;Do you think it is difficult to stay friends with an ex- boyfriend?;
Lekce 7;verb forms;stop making;stɒp ˈmeɪkɪŋ;přestat dělat;Stop making so much noise!;
Lekce 7;verb forms;try to get;traɪ tə ˈɡet;pokusit se dostat;I’ll try to get it but there might not be any left.;
Lekce 7;verb forms;use your hands;juːz jɔː hændz;používat ruce;You mustn’t use your hands or mime.;
Lekce 7;verb forms;want to catch;wɒnt tə ˈkætʃ;chtít stihnout;I want to catch the 12.30 train.;
Lekce 7;verb forms;would like to buy;wəd laɪk tə ˈbaɪ;chtít koupit (podm.);I would like to buy a car but I don’t have the money.;
Lekce 8;get;advantage;ədˈvɑːntɪdʒ;výhoda;The advantage of not having a car is that it saves a lot of money.;
Lekce 8;get;angrily;ˈæŋɡrəli;rozzlobeně;They answered the phone angrily.;
Lekce 8;get;avoid;əˈvɔɪd;vyhýbat se;This seems an easy one – go, but try to avoid her where possible.;
Lekce 8;get;blizzard;ˈblɪzəd;blizard;A blizzard is a very bad storm with snow and strong winds.;
Lekce 8;příslovce;calmly;ˈkɑːmli;klidně;“Do you think for one moment,” she said calmly, “that I could come to your home while Héloise is there?”;
Lekce 8;get;century;ˈsentʃəri;století;In what century do you think the story takes place?;
Lekce 8;get;circumstances;ˈsɜːkəmstænsɪz;okolnosti;Are there any circumstances in which you think it’s OK to tell a lie?;
Lekce 8;get;completely;kəmˈpliːtli;zcela;I can trust you completely .;
Lekce 8;get;cyclone;ˈsaɪkləʊn;cyklón, větrná smršť;A cyclone is a very strong wind that moves in a circle.;
Lekce 8;get;desperate;ˈdespərət;zoufalý;I’m desperate. Should I phone her now and tell her? What should I do?;
Lekce 8;get;detective;dɪˈtektɪv;být těžké vyjít s;A detective helps to solve crimes. detektiv difficult to get on with /ˈdɪfɪkəlt tə ɡet ˈɒn wɪð/ I find her sister really difficult to get on with.;
Lekce 8;get;dreamily;ˈdriːmɪli;zasněně;The girl looked out the window dreamily.;
Lekce 8;get;drunk;drʌŋk;opilý;He had too much wine and was drunk.;
Lekce 8;get;earthquake;ˈɜːθkweɪk;zemětřesení;What were they doing when the earthquake struck?;
Lekce 8;get;feature;ˈfiːtʃə;reportáž;Read three problems from a weekly feature in a British newspaper.;
Lekce 8;get;flood;flʌd;záplavy;A flood is when there is too much water in a river and it comes onto the streets or fields.;
Lekce 8;get;ground;ɡraʊnd;(povrch) země;An earthquake is when the ground suddenly shakes very strongly.;
Lekce 8;get;helpline;ˈhelplaɪn;linka důvěry;If you call a telephone helpline, you will have to wait a long time.;
Lekce 8;get;honeymoon;ˈhʌnimuːn;líbánky;The Swedish couple went on a three month world trip for their honeymoon.;
Lekce 8;get;hyperactive;ˌhaɪpərˈæktɪv;hyperaktivní;There will be a hyperactive five-year-old in the seat behind you.;
Lekce 8;get;impulse;ˈɪmpʌls;impulz;It was an impulse, but now I’m having second thoughts.;
Lekce 8;get;lazily;ˈleɪzɪli;líně;They got up lazily .;
Lekce 8;get;marathon;ˈmærəθən;maraton;My wife is running her first marathon in London.;
Lekce 8;příslovce;masterfully;ˈmɑːstəfəli;autoritativně, sebejistě;“Vivienne,” said Hartley, masterfully. “You must be mine.”;
Lekce 8;get;matter;ˈmætə;záležitost;This is a very important matter.;
Lekce 8;get;monsoon;mɒnˈsuːn;monzun;A monsoon is when it rains very heavily for three months or more.;
Lekce 8;get;obtain;əbˈteɪn;získat;Did you obtain a visa?;
Lekce 8;get;risk;rɪsk;riskovat;Should I go, and risk having arguments all the time?;
Lekce 8;get;route;ruːt;trasa;Mark their route on the map.;
Lekce 8;get;scream;skriːm;křičet;You scream like a baby.;
Lekce 8;get;separate;ˈseprət;samostatný;Should I suggest separate holidays this year?;
Lekce 8;get;seriously;ˈsɪəriəsli;vážně;He takes his job very seriously.;
Lekce 8;get;smoke;sməʊk;kouř;The streets were full of smoke .;
Lekce 8;get;storm;stɔːm;bouře;A blizzard is a very bad storm with snow and strong winds.;
Lekce 8;get;suburbs;ˈsʌbɜːbz;předměstí;I don’t live in the city centre – I live in the suburbs.;
Lekce 8;get;suggest;səˈdʒest;navrhnout;Should I suggest separate holidays this year?;
Lekce 8;get;suspicious;səˈspɪʃəs;podezřelý;Hartley was suspicious that Vivienne loved another man.;
Lekce 8;get;tram;træm;tramvaj;Then he left the office and took a tram to Broadway.;
Lekce 8;get;trust;trʌst;věřit (komu);He’s very honest, and I completely trust him.;
Lekce 8;get;tsunami;suːˈnɑːmi;tsunami, přílivová vlna;A tsunami is a very large wave in the sea.;
Lekce 8;get;weekly;ˈwiːkli;týdenní;Read three problems from a weekly feature in a British newspaper.;
Lekce 8;get;whisper;ˈwɪspə;pošeptat;Whisper the answer to me, so no one can hear.;
Lekce 8;confusing verbs;borrow money from somebody;bɒrəʊ ˈmʌni frɒm sʌmbədi;půjčit si peníze od někoho;I’ll need to borrow money from my parents.;
Lekce 8;confusing verbs;bring something back from holiday;brɪŋ ˈsʌmθɪŋ bæk frɒm ˈhɒlədeɪ;přivézt něco z dovolené;Bring something back from holiday.;
Lekce 8;confusing verbs;bring your dictionary;brɪŋ jɔː ˈdɪkʃənri;přinést slovník;Bring your dictionary to class next week.;
Lekce 8;confusing verbs;carry a baby;kæri ə ˈbeɪbi;nést dítě;She is carrying a baby.;
Lekce 8;confusing verbs;carry a bag;kæri ə ˈbæɡ;nosit tašku;I carry a bag to work every day.;
Lekce 8;get;change your mind;tʃeɪndʒ jɔː maɪnd;změnit názor;If you start planning for the big day, it will make things worse if you then change your mind.;
Lekce 8;get;deeply in love;ˈdiːpli ɪn lʌv;hluboce zamilovaný;I am deeply in love with her, but is this too soon?;
Lekce 8;confusing verbs;earn a salary;ɜːn ə ˈsæləri;dostávat plat;He earns a salary.;
Lekce 8;confusing verbs;earn money;ɜːn ˈmʌni;vydělávat peníze;She has a part-time job to earn money.;
Lekce 8;confusing verbs;find a job;faɪnd ə ˈdʒɒb;najít práci;I hope I’ll find a job soon.;
Lekce 8;confusing verbs;find your glasses;faɪnd jɔː ˈɡlɑːsɪz;najít brýle;Did you find your glasses?;
Lekce 8;get;forest fire;fɒrɪst ˈfaɪə;požár lesa;A forest fire is a big fire which can destroy many trees and houses.;
Lekce 8;get;get a job;ɡet ə ˈdʒɒb;získat práci;I want to get a job when I finish school.;
Lekce 8;get;get a message;ɡet ə ˈmesɪdʒ;dostat zprávu;Did you get a message from him?;
Lekce 8;get;get a newspaper;ɡet ə ˈnjuːzpeɪpə;koupit noviny;I went to get a newspaper this morning.;
Lekce 8;get;get a present;ɡet ə ˈpreznt;koupit dárek;I need to get a present for my mum. It’s her birthday next week.;
Lekce 8;get;get a ticket;ɡet ə ˈtɪkɪt;koupit si lístek;You need to get a ticket before you get on the bus.;
Lekce 8;get;get advice;ɡet ədˈvaɪs;získat radu;Send us your problem and you will get advice from our readers.;
Lekce 8;get;get an email;ɡet ən ˈiːmeɪl;dostat e-mail;I get an email from my mum every week.;
Lekce 8;get;get angry;ɡet ˈæŋɡri;rozčílit se;I try not to get angry but it happens.;
Lekce 8;get;get better;ɡet ˈbetə;zlepšit se;I hope I get better next week. I want to go back to work.;
Lekce 8;get;get colder;ɡet ˈkəʊldə;ochladit se;Is it going to get colder next week?;
Lekce 8;get;get divorced;ɡet dɪˈvɔːst;rozvést se;Why did you get divorced? ~ I didn’t get on with my wife.;
Lekce 8;get;get fit;ɡet ˈfɪt;dostat se do kondice;I want to get fit. I’m so fat.;
Lekce 8;get;get home;ɡet ˈhəʊm;dorazit domů;I get home at 5.00 p.m. most days.;
Lekce 8;get;get lost;ɡet ˈlɒst;ztratit se;We get lost every time you drive!;
Lekce 8;get;get married;ɡet ˈmærid;oženit se;We are going to get married next year.;
Lekce 8;get;get married;ɡet ˈmærid;vdát se;We are going to get married next year.;
Lekce 8;get;get nervous;ɡet ˈnɜːvəs;znervóznět;I get nervous before tests.;
Lekce 8;get;get on well with;ɡet ɒn ˈwel wɪð;dobře vycházet s;I get on well with my wife’s parents.;
Lekce 8;get;get to school;ɡet tə ˈskuːl;dorazit do školy;I get to school at 8.00 a.m. every morning.;
Lekce 8;get;get to work;ɡet tə ˈwɜːk;dorazit do práce;I get to work at 9.00 a.m. every morning.;
Lekce 8;get;get up;ɡet ˈʌp;vstávat;What time do you get up in the morning?;
Lekce 8;get;get worse;ɡet ˈwɜːs;zhoršit se;Why did my mark get worse?;
Lekce 8;get;go for it;ˈɡəʊ fɔːr ɪt;jít za tím;You clearly love this girl and I think you should go for it.;
Lekce 8;get;have second thoughts;hæv sekənd ˈθɔːts;rozmýšlet si;It’s normal to have second thoughts about the big decisions we make.;
Lekce 8;confusing verbs;hope that something good will happen;həʊp ðæt ˈsʌmθɪŋ ɡʊd wɪl ˈhæpən;doufat, že se stane něco dobrého;I hope that something good will happen soon.;
Lekce 8;confusing verbs;hope to do something;həʊp tə du ˈsʌmθɪŋ;doufat, že něco udělám;I hope to see you soon.;
Lekce 8;get;it’s worth;ɪts ˈwɜːθ;stát za to;In my opinion, I don’t think it’s worth making problems at work.;
Lekce 8;get;keep in touch;kiːp ɪn ˈtʌtʃ;být v kontaktu;You can always keep in touch with colleagues on your phone.;
Lekce 8;confusing verbs;know somebody well;nəʊ sʌmbədi wel;dobře někoho znát;I know him well.;
Lekce 8;confusing verbs;know something;nəʊ ˈsʌmθɪŋ;něco vědět;I know something about her.;
Lekce 8;confusing verbs;lend money to somebody;lend ˈmʌni tə sʌmbədi;půjčit peníze někomu;I always lend money to you.;
Lekce 8;confusing verbs;look about 25 years old;lʊk əbaʊt twenti faɪv jɜːz əʊld;vypadat asi na 25 let;You look about 25 years old.;
Lekce 8;confusing verbs;look at a photo;lʊk ət ə ˈfəʊtəʊ;podívat se na fotografii;Look at this photo.;
Lekce 8;confusing verbs;look at your watch;lʊk ət jɔː ˈwɒtʃ;podívat se na hodinky;Look at your watch.;
Lekce 8;confusing verbs;look for a job;lʊk fɔː ə ˈdʒɒb;hledat práci;I am looking for a job.;
Lekce 8;confusing verbs;look for your glasses;lʊk fɔː jɔː ˈɡlɑːsɪz;hledat brýle;Shall I help you look for your glasses?;
Lekce 8;confusing verbs;look happy;lʊk ˈhæpi;vypadat šťastně;You look happy.;
Lekce 8;confusing verbs;look like a model;lʊk laɪk ə ˈmɒdl;vypadat jako modelka;You look like a model.;
Lekce 8;confusing verbs;look like your mother;lʊk laɪk jɔː ˈmʌðə;vypadat jako tvoje matka;You look like your mother.;
Lekce 8;confusing verbs;lose a match;luːz ə ˈmætʃ;prohrát zápas;They lost a match.;
Lekce 8;confusing verbs;lose your glasses;luːz jɔː ˈɡlɑːsɪz;ztratit brýle;Did you lose your glasses?;
Lekce 8;confusing verbs;meet at 11 o’clock;miːt ət ɪˈlevn ə klɒk;setkat se v 11 hodin;Let’s meet at 11 o’clock.;
Lekce 8;confusing verbs;meet somebody for the first time;miːt sʌmbədi fɔː ðə fɜːst taɪm;potkat někoho poprvé;I met him for the first time yesterday.;
Lekce 8;confusing verbs;miss a class;mɪs ə klɑːs;zmeškat hodinu;I missed a class yesterday.;
Lekce 8;confusing verbs;miss the bus;mɪs ðə bʌs;zmeškat autobus;Did we miss the bus?;
Lekce 8;get;once in a lifetime;wʌns ɪn ə ˈlaɪftaɪm;jednou za život;Maybe this is a once in a lifetime moment for her.;
Lekce 8;confusing verbs;say hello;seɪ həˈləʊ;pozdravit;Say hello to Colin for me.;
Lekce 8;confusing verbs;say something to somebody;seɪ sʌmθɪŋ tə sʌmbədi;říct něco někomu;Say something to him.;
Lekce 8;confusing verbs;say sorry;seɪ ˈsɒri;omluvit se;Say sorry to Colin.;
Lekce 8;confusing verbs;take an umbrella;teɪk ən ʌmˈbrelə;vzít si deštník;You should take an umbrella.;
Lekce 8;confusing verbs;take your children to school;teɪk jɔː tʃɪldrən tə skuːl;vzít děti do školy;Take your children to school.;
Lekce 8;confusing verbs;tell a joke;tel ə dʒəʊk;vyprávět vtip;He told a joke.;
Lekce 8;confusing verbs;tell a lie;tel ə laɪ;lhát;Do you think it’s OK to tell a lie?;
Lekce 8;confusing verbs;tell somebody something;tel sʌmbədi sʌmθɪŋ;říct někomu něco;Tell me something.;
Lekce 8;confusing verbs;wait for a bus;weɪt fɔːr ə bʌs;čekat na autobus;I’m going to wait for a bus.;
Lekce 8;confusing verbs;wait for a long time;weɪt fɔːr ə lɒŋ taɪm;čekat dlouho;I waited for a long time.;
Lekce 8;confusing verbs;watch a match;wɒtʃ ə mætʃ;sledovat zápas;We watched a match.;
Lekce 8;confusing verbs;watch TV;wɒtʃ tiː viː;sledovat televizi;Let’s watch TV.;
Lekce 8;confusing verbs;wear clothes;weə kləʊðz;nosit oblečení;They wear nice clothes.;
Lekce 8;confusing verbs;wear jewellery;weə dʒuːəlri;nosit šperky;I’m not allowed to wear jewellery.;
Lekce 8;confusing verbs;win a match;wɪn ə mætʃ;vyhrát zápas;They won a match.;
Lekce 8;confusing verbs;win a medal;wɪn ə medl;vyhrát medaili;She won a medal.;
Lekce 8;confusing verbs;win a prize;wɪn ə praɪz;vyhrát cenu;He won a prize.;
Lekce 9;animals;abnormal;æbˈnɔːml;abnormální;A phobia is a very strong and abnormal fear or dislike of something.;
Lekce 9;animals;aggressive;əˈɡresɪv;agresivní;What would you do if a large aggressive animal ran towards you?;
Lekce 9;animals;allergic;əˈlɜːdʒɪk;alergický;Are you allergic to any animals?;
Lekce 9;animals;backwards;ˈbækwədz;pozpátku;I would put my hands in my pockets and walk slowly backwards.;
Lekce 9;animals;balcony;ˈbælkəni;balkón;I get very nervous if I go up high, for example on a balcony on the 20th floor.;
Lekce 9;animals;bark;bɑːk;štěkat;Sometimes our neighbour’s dog will bark all night.;
Lekce 9;animals;bat;bæt;netopýr;Have you ever seen a bat at night?;
Lekce 9;animals;bear;beə;medvěd;I saw a bear when I was on holiday in Canada.;
Lekce 9;animals;bee;biː;včela;There is a bee in that flower.;
Lekce 9;animals;bird;bɜːd;pták;A parrot is a kind of bird that can talk like a human.;
Lekce 9;animals;bite;baɪt;kousnout;Did the snake bite you?;
Lekce 9;animals;brain;breɪn;mozek;The drug causes changes to part of the brain used in learning and memory.;
Lekce 9;animals;bull;bʊl;býk;Bull fighting is popular in Spain.;
Lekce 9;animals;butterfly;ˈbʌtəflaɪ;motýl;That butterfly is very beautiful.;
Lekce 9;animals;camel;ˈkæml;velbloud;The camel lives in dry, hot places.;
Lekce 9;animals;cancer;ˈkænsə;rakovina;He injured his foot playing football and he later became ill with cancer.;
Lekce 9;animals;captain;ˈkæptɪn;kapitán;His father was a captain in the British army.;
Lekce 9;animals;chicken;ˈtʃɪkɪn;slepice;The chicken laid two eggs.;
Lekce 9;animals;complicated;ˈkɒmplɪkeɪtɪd;komplikovaný;Which do you think makes the sufferers’ lives most complicated?;
Lekce 9;animals;cow;kaʊ;kráva;The milk of a cow is very popular.;
Lekce 9;animals;crocodile;ˈkrɒkədaɪl;krokodýl;We saw a crocodile in the water when we were in northern Australia.;
Lekce 9;animals;cure;kjʊə;lék, léčba;Doctors have found a cure for people with phobias.;
Lekce 9;animals;dolphin;ˈdɒlfɪn;delfín;The dolphin is the friendliest animal in the sea.;
Lekce 9;animals;drug;drʌɡ;léčivo, lék;There is a drug that can help people to overcome their phobias.;
Lekce 9;animals;effective;ɪˈfektɪv;účinný;The new drug could be used to make this therapy more effective.;
Lekce 9;animals;elephant;ˈelɪfənt;slon;We saw a big elephant on safari in Africa.;
Lekce 9;animals;float;fləʊt;plout;I would float in the water and pretend to be dead.;
Lekce 9;animals;fly;flaɪ;moucha;That fly is very annoying.;
Lekce 9;animals;giraffe;dʒəˈrɑːf;žirafa;I really enjoyed seeing the giraffe at the zoo.;
Lekce 9;animals;goat;ɡəʊt;koza;My uncle has cows, sheep, and a goat on his farm.;
Lekce 9;animals;horse;hɔːs;kůň;There is a field with a white horse in it behind our house.;
Lekce 9;animals;insects;ˈɪnsekts;hmyz;Are there any animals or insects you are really afraid of?;
Lekce 9;animals;jellyfish;ˈdʒelifɪʃ;medúza;It hurts when a jellyfish stings you.;
Lekce 9;animals;kangaroo;ˌkæŋɡəˈruː;klokan;The kangaroo is an Australian animal.;
Lekce 9;animals;lion;ˈlaɪən;lev;The lion is often called the king of the jungle.;
Lekce 9;animals;logical;ˈlɒdʒɪkl;logický;Number the expressions in what you think is the most logical order.;
Lekce 9;animals;lottery;ˈlɒtəri;loterie;If I won a lot of money in the lottery , I would buy a house.;
Lekce 9;animals;memory;ˈmeməri;paměť;The drug causes changes to part of the brain used in learning and memory .;
Lekce 9;animals;monkey;ˈmʌŋki;opice;Is that a monkey up in the trees?;
Lekce 9;animals;mosquito;məˈskiːtəʊ;komár;Is that a mosquito bite on your arm?;
Lekce 9;animals;mouse;maʊs;myš;There’s a mouse in the kitchen. Get it out!;
Lekce 9;animals;organization;ˌɔːɡənaɪˈzeɪʃn;organizace;Are you a member of a club or organization?;
Lekce 9;animals;overcome;ˌəʊvəˈkʌm;překonat;There is a drug that can help people to overcome their phobias.;
Lekce 9;animals;panic;ˈpænɪk;panika;They often feel panic when they go out and only feel safe at home.;
Lekce 9;animals;phobia;ˈfəʊbiə;fobie;People with this phobia are terrified of spiders.;
Lekce 9;animals;pig;pɪɡ;prase;A pig is quite an intelligent animal.;
Lekce 9;animals;placebo;pləˈsiːbəʊ;placebo;The people who took the pill felt less afraid than those who took a placebo.;
Lekce 9;animals;pockets;ˈpɒkɪts;kapsy;I would put my hands in my pockets and walk slowly backwards.;
Lekce 9;animals;poisonous;ˈpɔɪzənəs;jedovatý;What would you do if a poisonous snake bit you on the leg?;
Lekce 9;animals;rabbit;ˈræbɪt;králík;My daughter has a pet rabbit .;
Lekce 9;animals;reggae;ˈreɡeɪ;reggae;Bob Marley (1945–1981) is often called the father of reggae.;
Lekce 9;animals;respected;rɪˈspektɪd;uznávaný;His eldest son Ziggy is a very respected reggae musician.;
Lekce 9;animals;retire;rɪˈtaɪə;jít do důchodu;I want to retire at 65.;
Lekce 9;animals;safari;səˈfɑːri;safari;If you went on a safari, what animal would you most like to see?;
Lekce 9;animals;shark;ʃɑːk;žralok;I don’t like to swim in the sea because I’m scared I’ll see a shark.;
Lekce 9;animals;sheep;ʃiːp;ovce;Jumpers are made from the wool of sheep.;
Lekce 9;animals;shore;ʃɔː;břeh;What would you do if you were in the sea quite near the shore when you saw a shark?;
Lekce 9;animals;shout;ʃaʊt;křičet;I would shout ‘down’ at it several times.;
Lekce 9;animals;snake;sneɪk;had;We saw a snake, but it wasn’t a dangerous one.;
Lekce 9;animals;spider;ˈspaɪdə;pavouk;There is a large spider in the bathroom.;
Lekce 9;animals;sting;stɪŋ;štípnutí;I would rub the sting with a towel to clean it.;
Lekce 9;animals;suck;sʌk;vysát;I would suck the bite to get the poison out.;
Lekce 9;animals;sweat;swet;potit se;Getting on the plane is hard and when the plane takes off I start to sweat.;
Lekce 9;animals;therapy;ˈθerəpi;terapie;The normal treatment for people with phobias is exposure therapy.;
Lekce 9;animals;tie;taɪ;zavázat;I would tie something, e.g. a scarf on my leg above the bite.;
Lekce 9;animals;tiger;ˈtaɪɡə;tygr;A tiger is a beautiful animal with black and orange stripes.;
Lekce 9;animals;treatment;ˈtriːtmənt;léčba;The normal treatment for people with phobias is exposure therapy.;
Lekce 9;animals;vinegar;ˈvɪnɪɡə;ocet;I would wash the sting with vinegar or sea water.;
Lekce 9;animals;wave;weɪv;zamávat;I would wave my hand to make it go out.;
Lekce 9;animals;whale;weɪl;velryba;The blue whale is the biggest animal in the world.;
Lekce 9;animals;fur coat;fɜː kəʊt;kožich;What would you do if someone offered to buy you a fur coat?;
Lekce 9;animals;guinea pig;ˈɡɪni pɪɡ;morče;David Loosmore would happily be a guinea pig for the pill.;
Lekce 9;animals;keep still;kiːp stɪl;nehýbat se;I would keep still and look it straight in the eyes.;
Lekce 9;animals;primary school;ˈpraɪməri skuːl;základní škola;My seven-year-old son goes to primary school.;
Lekce 9;animals;public speaking;ˈpʌblɪk spiːkɪŋ;projev na veřejnosti;The actor Harrison Ford has been afraid of public speaking all his life.;
Lekce 9;animals;secondary school;ˈsekəndri skuːl;střední škola;My 14-year-old daughter goes to secondary school.;
Lekce 9;animals;top floor flat;tɒp flɔː flæt;byt v nejvyšším patře;Do you live in a top floor flat?;
Lekce 10;obecné;arithmetic;əˈrɪθmətɪk;aritmetika;Kenneth is good at arithmetic.;
Lekce 10;obecné;attitude;ˈætɪtjuːd;přístup;Everything he does is spoiled by his attitude and his bad behaviour.;
Lekce 10;obecné;author;ˈɔːθə;autor;Ken Follett is the best-selling author of The Pillars of the Earth.;
Lekce 10;obecné;base;ˈbeɪs;založit;Did you base your design on something else?;
Lekce 10;obecné;behaviour;bɪˈheɪvjə;chování;Everything he does is spoiled by his attitude and his bad behaviour.;
Lekce 10;obecné;biology;baɪˈɒlədʒi;biologie;Biology usually studies humans, animals, or plants.;
Lekce 10;obecné;chemistry;ˈkemɪstri;chemie;Chemistry helps us understand what things are made of.;
Lekce 10;obecné;choice;tʃɔɪs;výběr;Too much choice is making us feel unhappy and dissatisfied.;
Lekce 10;obecné;compulsory;kəmˈpʌlsəri;povinný;Education is compulsory until 18 or 19 in many countries.;
Lekce 10;obecné;confuse;kənˈfjuːz;zmást;It is easy to confuse him.;
Lekce 10;obecné;confusion;kənˈfjuːʒn;zmatek;He got lost in the confusion .;
Lekce 10;obecné;curious;ˈkjʊəriəs;zvědavý;He is so curious. He wants to know everything.;
Lekce 10;obecné;decision;dɪˈsɪʒn;rozhodnutí;Do you ever worry about making the wrong decision?;
Lekce 10;obecné;decisive;dɪˈsaɪsɪv;rozhodný;Do you know anybody who is very decisive?;
Lekce 10;obecné;design;dɪˈzaɪn;navrhnout;To design a new buildling, you need to draw a plan that shows how to make it.;
Lekce 10;obecné;discover;dɪˈskʌvə;objevit;Scientists are still trying to discover a cure for cancer.;
Lekce 10;obecné;disorganized;dɪsˈɔːɡənaɪzd;neorganizovaný, roztržitý;"I used to be very disorganized; for example, I often left my books at home.";
Lekce 10;obecné;disposable;dɪˈspəʊzəbl;jednorázový;How many disposable nappies are used every day?;
Lekce 10;obecné;dissatisfied;dɪsˈsætɪsfaɪd;nespokojený;Too much choice is making us feel unhappy and dissatisfied.;
Lekce 10;obecné;educate;ˈedʒukeɪt;vzdělávat;Teachers try to educate students.;
Lekce 10;obecné;education;ˌedʒuˈkeɪʃn;vzdělávání;I enjoyed education after primary school.;
Lekce 10;obecné;elect;ɪˈlekt;zvolit;Who did you elect to do the task?;
Lekce 10;obecné;flowery;ˈflaʊəri;květnatý;Helen must learn not to use such flowery language.;
Lekce 10;obecné;focus;ˈfəʊkəs;pozornost;In which sentence is the focus more on the dishwasher?;
Lekce 10;obecné;fundamental;ˌfʌndəˈmentl;zásadní;They said it had 52 fundamental errors including taking too long to play.;
Lekce 10;obecné;geography;dʒiˈɒɡrəfi;geografie;Geography is the study of humans and the world.;
Lekce 10;obecné;hammer;ˈhæmə;informační technologie;Tins used to be opened with difficulty using a knife and a hammer. kladivo information technology n /ˌɪnfəˈmeɪʃn tekˌnɒlədʒi/ Information technology is the study of computing.;
Lekce 10;obecné;imagination;ɪˌmædʒɪˈneɪʃn;představivost;He has a really good imagination and is so good at thinking up stories.;
Lekce 10;obecné;indecisive;ˌɪndɪˈsaɪsɪv;nerozhodný;I’m quite indecisive so I find it hard to make decisions.;
Lekce 10;obecné;invent;ɪnˈvent;vynalézt;I have lots of ideas of things I’d like to invent.;
Lekce 10;obecné;invention;ɪnˈvenʃn;vynález;Mrs Graham’s invention is called Tipp-Ex today.;
Lekce 10;obecné;logo;ˈləʊɡəʊ;logo;The Nike logo is world-famous.;
Lekce 10;obecné;marks;mɑːks;známky;I didn’t use to study a lot but got good marks.;
Lekce 10;obecné;material;məˈtɪəriəl;materiál;What was special about the material Stephanie Kwolek invented?;
Lekce 10;obecné;maths;mæθs;matematika;I’m not good with numbers so I don’t like maths.;
Lekce 10;obecné;nappies;ˈnæpiːz;plenky;How many disposable nappies are used every day?;
Lekce 10;obecné;nickname;ˈnɪkneɪm;přezdívka;Did you use to have a nickname?;
Lekce 10;obecné;novel;ˈnɒvl;román;The film was based on a famous novel .;
Lekce 10;obecné;opt;ɒpt;rozhodnout se (pro);Which one did you opt for?;
Lekce 10;obecné;options;ˈɒpʃnz;alternativy;We have so many options that making a decision is stressful.;
Lekce 10;obecné;physics;ˈfɪzɪks;fyzika;Many people think physics is the hardest subject at school.;
Lekce 10;obecné;possibilities;ˌpɒsəˈbɪlətiz;možnosti;Deciding which TV channel to watch is difficult when there are so many possibilities.;
Lekce 10;obecné;president;ˈprezɪdənt;prezident;The company president saw the game and took it home to try it.;
Lekce 10;obecné;psychology;saɪˈkɒlədʒi;psychologie;Like Holmes, House uses his knowledge of psychology to solve cases.;
Lekce 10;obecné;report;rɪˈpɔːt;vysvědčení;When you were at school did you get a report at the end of every year?;
Lekce 10;obecné;researcher;ˈriːsɜːtʃə;výzkumník;A researcher has discovered that too much choice makes us feel unhappy.;
Lekce 10;obecné;science;ˈsaɪəns;věda;Chemistry, biology, and physics are all science subjects.;
Lekce 10;obecné;spoil;spɔɪl;pokazit;Don’t let your bad behaviour spoil your good marks.;
Lekce 10;obecné;subjects;səbˈdʒekts;předměty;Did you study any other subjects at primary or secondary school?;
Lekce 10;obecné;board game;ˈbɔːd ɡeɪm;stolní hra;‘Monopoly’ is a popular board game.;
Lekce 10;obecné;bullet-proof vest;ˈbʊlɪt pruːf vest;neprůstřelná vesta;The bullet-proof vest is used by the police all over the world.;
Lekce 10;obecné;cash machine;kæʃ məˈʃiːn;bankomat;The cash machine wasn’t invented until 1967.;
Lekce 10;obecné;hair drier;heə ˈdraɪə;vysoušeč vlasů;I need a hair drier to dry my hair.;
Lekce 10;obecné;physical education;ˈfɪzɪkl ˌedʒuˈkeɪʃn;tělesná výchova;Physical education is sport at school.;
Lekce 10;obecné;religious education;rɪˈlɪdʒəs ˌedʒuˈkeɪʃn;náboženská výchova;Religious education is an important part of school in many countries.;
Lekce 10;obecné;same sex school;seɪm seks ˈskuːl;pouze pro dívky;Who didn’t like being at a same-sex school?;
Lekce 10;obecné;same sex school;seɪm seks ˈskuːl;škola pouze pro chlapce;Who didn’t like being at a same-sex school?;
Lekce 10;obecné;starting point;ˈstɑːtɪŋ pɔɪnt;počáteční bod;The internet was the starting point for so many technologies.;
Lekce 11;expressing movement;across;əˈkrɒs;přes;The bank is just across the road.;
Lekce 11;expressing movement;along;əˈlɒŋ;po;We went for a walk along the street.;
Lekce 11;expressing movement;along;əˈlɒŋ;podél;We went for a walk along the street.;
Lekce 11;expressing movement;around;əˈraʊnd;okolo;They went around the lake.;
Lekce 11;expressing movement;athletics;æθˈletɪks;atletika;Running is an athletics event.;
Lekce 11;expressing movement;baseball;ˈbeɪsbɔːl;baseball;They are called umpires in tennis and baseball.;
Lekce 11;expressing movement;basketball;ˈbɑːskɪtbɔːl;basketbal;In basketball you have to throw the ball through a ring with a basket.;
Lekce 11;expressing movement;beat;biːt;porazit;England beat Germany 5–1.;
Lekce 11;expressing movement;blame;bleɪm;vinit, svést něco na někoho;Don’t blame your defeat on the referees.;
Lekce 11;expressing movement;boxing;ˈbɒksɪŋ;box;Boxing is a fight, usually between two men.;
Lekce 11;expressing movement;bunker;ˈbʌŋkə;bunkr;The bunker in golf is full of sand.;
Lekce 11;expressing movement;buzz;bʌz;vzrušení;The buzz of being ‘live’ on the radio is really wonderful.;
Lekce 11;expressing movement;coach;kəʊtʃ;trenér;My tennis coach has really helped me improve my game.;
Lekce 11;expressing movement;coincidence;kəʊˈɪnsɪdəns;náhoda;It was a coincidence that both boys were called ‘Jim’ by their new parents.;
Lekce 11;expressing movement;concentrate;ˈkɒnsntreɪt;soustředit se;I can’t concentrate with that music on.;
Lekce 11;expressing movement;contract;ˈkɒntrækt;smlouva;Luciano Gaucci announced that the player’s contract would not be renewed.;
Lekce 11;expressing movement;cycling;ˈsaɪklɪŋ;jízda na kole;I usually go cycling at the weekend.;
Lekce 11;expressing movement;defeat;dɪˈfiːt;porazit;Don’t blame your defeat on the referees.;
Lekce 11;expressing movement;dehydrated;ˌdiːhaɪˈdreɪtɪd;dehydratovaný;We’re making him drink water because he’s becoming dehydrated.;
Lekce 11;expressing movement;dignity;ˈdɪɡnəti;důstojnost;The hardest lesson to learn in sport is how to lose with dignity.;
Lekce 11;expressing movement;disqualify;dɪsˈkwɒlɪfaɪ;diskvalifikovat;They will disqualify you if you try to cheat.;
Lekce 11;expressing movement;down;daʊn;dolů;She went down the steps five minutes ago.;
Lekce 11;expressing movement;energetic;ˌenəˈdʒetɪk;energetický;I feel awake and energetic in the morning.;
Lekce 11;expressing movement;fool;fuːl;blázen;He also called the umpire ‘an incompetent fool’!;
Lekce 11;expressing movement;football;ˈfʊtbɔːl;fotbal;In football you have to kick the ball into a goal.;
Lekce 11;expressing movement;furious;ˈfjʊəriəs;zuřivý;He became furious and shouted ‘You cannot be serious!’ at the umpire.;
Lekce 11;expressing movement;goal;ɡəʊl;brána;In football you have to kick the ball into a goal.;
Lekce 11;expressing movement;golf;ɡɒlf;golf;In golf you have to get a small ball into a hole far away.;
Lekce 11;expressing movement;handball;ˈhændbɔːl;házená;Handball is like football but you use your hands, not your feet.;
Lekce 11;expressing movement;hockey;ˈhɒki;hokej;I play hockey at school.;
Lekce 11;expressing movement;hole;həʊl;díra;The aim of golf is to get a small ball into a small hole .;
Lekce 11;expressing movement;identical;aɪˈdentɪkl;identický;When Jim Lewis was six years old, he discovered that he had an identical twin brother.;
Lekce 11;expressing movement;in;ɪn;na;What sports can you see in the photos?;
Lekce 11;expressing movement;in;ɪn;v;What sports can you see in the photos?;
Lekce 11;expressing movement;incompetent;ɪnˈkɒmpɪtənt;neschopný;He also called the umpire ‘an incompetent fool’!;
Lekce 11;expressing movement;insult;ɪnˈsʌlt;urazit;He tried to insult the referee.;
Lekce 11;expressing movement;intention;ɪnˈtenʃn;úmysl;I have no intention of paying a salary to somebody who has ruined Italian football.;
Lekce 11;expressing movement;into;ˈɪntə;do;I just need to go into the shop for something.;
Lekce 11;expressing movement;lap;læp;okruh;This is a short race – only one lap .;
Lekce 11;expressing movement;net;net;síť;In tennis you have to hit the ball over a net .;
Lekce 11;expressing movement;opponent;əˈpəʊnənt;protivník;Don’t refuse to shake hands with your opponent.;
Lekce 11;expressing movement;out;aʊt;ven;I certainly can’t go out for a wild night during the week.;
Lekce 11;expressing movement;over;ˈəʊvə;přes;Go over the bridge and turn left.;
Lekce 11;expressing movement;past;pɑːst;kolem;It’s past the church and next to the post office.;
Lekce 11;expressing movement;penalty;ˈpenəlti;penalta;Hand ball! That must be a penalty.;
Lekce 11;expressing movement;referee;ˌrefəˈriː;sudí, rozhodčí;A referee or umpire is an official who makes the players obey the rules.;
Lekce 11;expressing movement;refuse;rɪˈfjuːz;odmítnout;Don’t refuse to shake hands with your opponent.;
Lekce 11;expressing movement;round;raʊnd;kolem;They went round the lake.;
Lekce 11;expressing movement;rugby;ˈrʌɡbi;ragby;Rugby doesn’t have a round ball and you have to throw it backwards.;
Lekce 11;expressing movement;season;ˈsiːzn;roční období;It depends on the season . I find I need much more sleep in the winter.;
Lekce 11;expressing movement;serve;sɜːv;podávat;In tennis it’s important to learn how to serve the ball skilfully.;
Lekce 11;expressing movement;skiing;ˈskiːɪŋ;lyžování;Skiing holidays are popular in winter.;
Lekce 11;expressing movement;tennis;ˈtenɪs;tenis;In tennis you have to hit the ball over a net.;
Lekce 11;expressing movement;through;θruː;skrz;I go through the tunnel every day.;
Lekce 11;expressing movement;towards;təˈwɔːdz;směrem k;Walk towards the lake and you can see my house on the right.;
Lekce 11;expressing movement;track;træk;dráha;The marathon finishes on the track in the stadium.;
Lekce 11;expressing movement;twin;twɪn;dvojče;When Jim Lewis was six years old, he discovered that he had an identical twin brother.;
Lekce 11;expressing movement;umpire;ˈʌmpaɪə;rozhodčí;A referee or umpire is an official who makes the players obey the rules.;
Lekce 11;expressing movement;under;ˈʌndə;pod;The car went under the bridge.;
Lekce 11;expressing movement;up;ʌp;nahoru pHrasal verbs;Go up the steps and turn right.;
Lekce 11;expressing movement;volleyball;ˈvɒlibɔːl;volejbal;Volleyball is often played on a beach.;
Lekce 11;expressing movement;windsurfing;ˈwɪndsɜːfɪŋ;windsurfing;You need a strong wind to go windsurfing.;
Lekce 11;expressing movement;bad loser;bæd ˈluːzə;neumět prohrávat;My brother is a really bad loser.;
Lekce 11;expressing movement;be over;bi ˈəʊvə;skončit;The match will be over at about 5.30 p.m.;
Lekce 11;expressing movement;call back;kɔːl ˈbæk;zavolat zpět;He’s out. Could you call back later?;
Lekce 11;expressing movement;come back;kʌm ˈbæk;vrátit se;He’s leaving, and he doesn’t know if he’ll come back.;
Lekce 11;expressing movement;come on;kʌm ˈɒn;honem;Come on! Let’s go.;
Lekce 11;expressing movement;false start;ˌfɔːls ˈstɑːt;chybný start;Jon Drummond was disqualified for a false start.;
Lekce 11;expressing movement;fill in;fɪl ˈɪn;vyplnit;Could you fill in this form?;
Lekce 11;expressing movement;find out;faɪnd ˈaʊt;zjistit informace;I want to find out about hotels in Madrid.;
Lekce 11;expressing movement;football club;ˈfʊtbɔːl klʌb;fotbalový klub;But Jung-Hwan also played for the Italian football club Perugia.;
Lekce 11;expressing movement;get off;ɡet ˈɒf;vystoupit z;Get off the bus at the railway station.;
Lekce 11;expressing movement;get on with;ɡet ˈɒn wɪð;vycházet s;I don’t get on with Anna. She’s really annoying.;
Lekce 11;expressing movement;get up;ɡet ˈʌp;vstávat;I get up at 10.00 a.m. every morning.;
Lekce 11;expressing movement;give back;ɡɪv ˈbæk;vrátit;When can you give back that book you borrowed?;
Lekce 11;expressing movement;give up;ɡɪv ˈʌp;přestat;I need to give up smoking.;
Lekce 11;expressing movement;go away;ɡəʊ əˈweɪ;odjet;I want to go away for the weekend. I need a break.;
Lekce 11;expressing movement;Go away!;ɡəʊ əˈweɪ;Jdi pryč!;Go away! I don’t want to speak to you.;
Lekce 11;expressing movement;go back;ɡəʊ ˈbæk;vrátit se;I’m tired. Can we go back home now?;
Lekce 11;expressing movement;go out;ɡəʊ ˈaʊt;vyjít si;Let’s go out to a restaurant tonight.;
Lekce 11;expressing movement;look after;lʊk ˈɑːftə;hlídat;My sister said she would look after Jimmy for me today.;
Lekce 11;expressing movement;look after;lʊk ˈɑːftə;starat se o;My sister said she would look after Jimmy for me today.;
Lekce 11;expressing movement;look for;ˈlʊk fɔː;hledat;Can you help me look for my key? I’ve lost it!;
Lekce 11;expressing movement;look forward to;lʊk ˈfɔːwəd tə;těšit se na;I look forward to seeing you soon.;
Lekce 11;expressing movement;look up;ˈlʊk ʌp;vyhledat;You should look up words you don’t know in the dictionary.;
Lekce 11;expressing movement;match point;ˌmætʃ ˈpɔɪnt;mečbol;It’s match point to Murray.;
Lekce 11;expressing movement;motor racing;ˈməʊtə reɪsɪŋ;automobilové závody;Formula 1 is a famous motor racing event.;
Lekce 11;expressing movement;out of;aʊt ɒv;ven z;Go out of the shop and cross the road.;
Lekce 11;expressing movement;pay back;peɪ ˈbæk;splatit;Did I pay back the money I borrowed from you?;
Lekce 11;expressing movement;pick up;pɪk ˈʌp;zvednout;Pick up these clothes from the floor.;
Lekce 11;expressing movement;put away;pʊt əˈweɪ;uklidit na místo;Your room is a mess. Can you put away your clothes?;
Lekce 11;expressing movement;put on;pʊt ˈɒn;obléct;It’s bedtime – go and put on your pyjamas.;
Lekce 11;expressing movement;run away;rʌn əˈweɪ;utéct;When she was a child, she once tried to run away from home.;
Lekce 11;expressing movement;run off;rʌn ˈɒf;utéct;The man tried to run off when he saw the policeman.;
Lekce 11;expressing movement;score a goal;skɔːr ə ɡəʊl;dát gól;How was the match? Did you score a goal?;
Lekce 11;expressing movement;sit down;sɪt ˈdaʊn;posadit se;Please, sit down and relax.;
Lekce 11;expressing movement;stand up;stænd ˈʌp;postavit se;It’s polite to stand up when your manager comes in.;
Lekce 11;expressing movement;take back;teɪk ˈbæk;vrátit;I think I’ll take back these jeans I bought. They’re too small.;
Lekce 11;expressing movement;take off;teɪk ˈɒf;vyzout, svléci;Could you take off your boots, please?;
Lekce 11;expressing movement;throw away;ˈθrəʊ əˈweɪ;vyhodit;Don’t throw away that letter!;
Lekce 11;expressing movement;try on;traɪ ˈɒn;vyzkoušet si;I’m going to try on these jeans.;
Lekce 11;expressing movement;turn down;tɜːn ˈdaʊn;ztlumit;Turn down the music! It’s very loud.;
Lekce 11;expressing movement;turn off;tɜːn ˈɒf;vypnout;There’s nothing on. Shall I turn off the TV?;
Lekce 11;expressing movement;turn on;tɜːn ˈɒn;zapnout;Could you turn on the TV? There’s a good movie on.;
Lekce 11;expressing movement;turn up;tɜːn ˈʌp;zesílit;Turn up the TV! I can’t hear.;
Lekce 11;expressing movement;World Cup;ˌwɜːld ˈkʌp;Světový pohár;England won the Rugby Wo rl d Cup in 2003 by beating Australia in the last minute of the match.;
Lekce 11;expressing movement;write down;raɪt ˈdaʊn;zapsat;Write down my address or you might forget it.;
Lekce 12;obecné;arrest;əˈrest;zatknout;He arrived at his local police station and said, “Please arrest me again!”;
Lekce 12;obecné;genes;dʒiːnz;geny;McAndrew believes that gossiping is in our genes .;
Lekce 12;obecné;gossip;ˈɡɒsɪp;klepy;Who do people most often gossip about?;
Lekce 12;obecné;gossip;ˈɡɒsɪp;pomlouvat;People gossip about celebrities.;
Lekce 12;obecné;kettle;ˈketl;konvice;Put the kettle on. I need a cup of tea.;
Lekce 12;obecné;local;ˈləʊkl;místní;The dog had run away and gone to the local railway station.;
Lekce 12;obecné;microchip;ˈmaɪkrəʊtʃɪp;mikročip;Thanks to a microchip in its neck, they discovered that its name was Diesel.;
Lekce 12;obecné;microwave;ˈmaɪkrəweɪv;mikrovlnná trouba;She said she left the dinner in the microwave.;
Lekce 12;obecné;nanny;ˈnæni;chůva;We have a nanny to look after our children.;
Lekce 12;obecné;neighbour;ˈneɪbə;soused;He left the dog with a neighbour.;
Lekce 12;obecné;pleasure;ˈpleʒə;potěšení;McAndrew believes that we feel pleasure when we share interesting information.;
Lekce 12;obecné;pottery;ˈpɒtəri;hrnčířství;I made a vase in my pottery class.;
Lekce 12;obecné;pottery;ˈpɒtəri;keramika;I made a vase in my pottery class.;
Lekce 12;obecné;prison;ˈprɪzn;vězení;He was freed early from prison on the condition that he promised to live with his parents.;
Lekce 12;obecné;robber;ˈrɒbə;lupič;The robber took all our money and jewellery.;
Lekce 12;obecné;selection;sɪˈlekʃn;výběr;Here is our selection of last week’s true stories.;
Lekce 12;obecné;slippers;ˈslɪpəz;bačkory;I wear slippers, not shoes, inside the house.;
Lekce 12;obecné;supper;ˈsʌpə;(druhá) večeře;What shall we eat for supper ?;
Lekce 12;obecné;build connections;bɪld kəˈnekʃnz;budovat vztahy;Gossip can be a positive thing when people use it to build connections with other people.;
Lekce 12;obecné;feel guilty;fiːl ˈɡɪlti;cítit vinu;Sometimes we might feel guilty if we gossip about other people.;
Lekce 12;obecné;in general;ɪn ˈdʒenrəl;obecně;In general, men share gossip with their wives or girlfriends, not their male friends.;
Lekce 12;obecné;pass on;pɑːs ˈɒn;předávat;Research has shown that people were happy to pass on good news about their friends.;
Lekce 12;obecné;private life;ˈpraɪvət laɪf;osobní život;To gossip is to talk about other people, especially their private life.;
Lekce 12;obecné;security guard;sɪˈkjʊərəti ɡɑːd;člen ochranky;Lewis was a security guard and Springer was a deputy sheriff.;
Lekce 12;obecné;social skill;ˈsəʊʃl skɪl;sociální dovednost;McAndrew says that gossiping is a social skill, and we need to learn to do it well.;
